structure_id,metal_site_id,metal_element,chain_id,residue_name,residue_seq,atom_serial,charge,x,y,z,donor_atom_count,donor_residue_count,residue_within_6a_count,nearest_donor_distance_A,farthest_donor_distance_A
8FNS,8FNS_A_ND_201_-,ND,A,ND,201,795,3+,19.427,7.049,62.123,9,7,18,2.388,2.763
8FNS,8FNS_A_ND_202_-,ND,A,ND,202,796,3+,27.147,24.748,39.188,9,7,17,2.415,2.641
8FNS,8FNS_A_ND_203_-,ND,A,ND,203,797,3+,28.578,31.754,48.079,9,7,17,2.351,2.675
8FNS,8FNS_A_ND_204_-,ND,A,ND,204,798,3+,12.797,15.041,67.239,10,7,15,2.445,2.663
8DQ2,8DQ2_A_LA_201_-,LA,A,LA,201,3341,3+,8.269,77.123,26.7,10,6,13,2.469,2.74
8DQ2,8DQ2_A_LA_202_-,LA,A,LA,202,3342,3+,37.806,71.269,29.906,10,6,13,2.453,2.736
8DQ2,8DQ2_A_LA_203_-,LA,A,LA,203,3343,3+,37.11,82.212,34.704,10,6,14,2.452,2.706
8DQ2,8DQ2_B_LA_202_-,LA,B,LA,202,3358,3+,28.319,55.532,30.049,10,6,15,2.504,2.734
8DQ2,8DQ2_B_LA_203_-,LA,B,LA,203,3359,3+,57.874,61.408,26.853,10,6,13,2.444,2.715
8DQ2,8DQ2_B_LA_204_-,LA,B,LA,204,3360,3+,57.193,50.482,21.989,10,6,14,2.499,2.683
8DQ2,8DQ2_C_LA_201_-,LA,C,LA,201,3362,3+,42.236,74.03,45.353,10,6,13,2.489,2.818
8DQ2,8DQ2_C_LA_202_-,LA,C,LA,202,3363,3+,12.193,73.908,41.963,10,6,12,2.452,2.703
8DQ2,8DQ2_C_LA_203_-,LA,C,LA,203,3364,3+,14.904,84.477,37.085,10,6,16,2.399,2.695
8DQ2,8DQ2_D_LA_202_-,LA,D,LA,202,3379,3+,62.268,58.776,11.427,10,6,10,2.495,2.826
8DQ2,8DQ2_D_LA_203_-,LA,D,LA,203,3380,3+,32.234,58.728,14.741,10,6,10,2.478,2.776
8DQ2,8DQ2_D_LA_204_-,LA,D,LA,204,3381,3+,34.994,48.165,19.645,10,6,14,2.437,2.731
