seed_rank,candidate_id,campaign_id,backbone_id,topology_class,chain_id,sequence_index,residue_seq,insertion_code,residue_id,residue_name,native_amino_acid,seed_amino_acid,canonical_family_position,am1_mature_position,mutable_second_sphere,mutable_interface,near_seed_mutation,near_known_interface_site,is_seed_mutation_site,selection_reason
1,am1_mex_ss_only_u02,am1_mex_ss_only,am1_mex_8fns_chain_a,am1_monomer,A,10,38,,A38,LYS,K,D,18,16,True,True,True,True,True,"seed_mutation_window,known_interface_window"
1,am1_mex_ss_only_u02,am1_mex_ss_only,am1_mex_8fns_chain_a,am1_monomer,A,16,44,,A44,LEU,L,L,24,22,True,False,False,True,False,known_interface_window
1,am1_mex_ss_only_u02,am1_mex_ss_only,am1_mex_8fns_chain_a,am1_monomer,A,19,47,,A47,ALA,A,A,27,25,False,True,False,True,False,known_interface_window
1,am1_mex_ss_only_u02,am1_mex_ss_only,am1_mex_8fns_chain_a,am1_monomer,A,28,56,,A56,ASP,D,D,38,34,False,True,False,True,False,known_interface_window
1,am1_mex_ss_only_u02,am1_mex_ss_only,am1_mex_8fns_chain_a,am1_monomer,A,29,57,,A57,LYS,K,K,39,35,False,True,False,True,False,known_interface_window
1,am1_mex_ss_only_u02,am1_mex_ss_only,am1_mex_8fns_chain_a,am1_monomer,A,30,58,,A58,LEU,L,L,40,36,True,False,False,True,False,known_interface_window
1,am1_mex_ss_only_u02,am1_mex_ss_only,am1_mex_8fns_chain_a,am1_monomer,A,34,62,,A62,LYS,K,K,44,40,True,True,False,True,False,known_interface_window
1,am1_mex_ss_only_u02,am1_mex_ss_only,am1_mex_8fns_chain_a,am1_monomer,A,55,83,,A83,LEU,L,Y,65,61,True,False,True,False,True,seed_mutation_window
1,am1_mex_ss_only_u02,am1_mex_ss_only,am1_mex_8fns_chain_a,am1_monomer,A,59,87,,A87,ASN,N,K,69,65,True,False,True,False,True,seed_mutation_window
1,am1_mex_ss_only_u02,am1_mex_ss_only,am1_mex_8fns_chain_a,am1_monomer,A,63,91,,A91,LEU,L,L,73,69,True,False,False,True,False,known_interface_window
1,am1_mex_ss_only_u02,am1_mex_ss_only,am1_mex_8fns_chain_a,am1_monomer,A,65,93,,A93,LYS,K,K,75,71,False,True,False,True,False,known_interface_window
1,am1_mex_ss_only_u02,am1_mex_ss_only,am1_mex_8fns_chain_a,am1_monomer,A,66,94,,A94,LYS,K,K,76,72,False,True,False,True,False,known_interface_window
1,am1_mex_ss_only_u02,am1_mex_ss_only,am1_mex_8fns_chain_a,am1_monomer,A,69,97,,A97,LEU,L,L,79,75,False,True,False,True,False,known_interface_window
1,am1_mex_ss_only_u02,am1_mex_ss_only,am1_mex_8fns_chain_a,am1_monomer,A,70,98,,A98,ALA,A,A,80,76,False,True,False,True,False,known_interface_window
1,am1_mex_ss_only_u02,am1_mex_ss_only,am1_mex_8fns_chain_a,am1_monomer,A,73,101,,A101,GLU,E,E,83,79,True,True,False,True,False,known_interface_window
1,am1_mex_ss_only_u02,am1_mex_ss_only,am1_mex_8fns_chain_a,am1_monomer,A,87,115,,A115,ILE,I,I,97,93,True,False,True,False,False,seed_mutation_window
1,am1_mex_ss_only_u02,am1_mex_ss_only,am1_mex_8fns_chain_a,am1_monomer,A,88,116,,A116,ASP,D,D,98,94,True,False,True,False,False,seed_mutation_window
1,am1_mex_ss_only_u02,am1_mex_ss_only,am1_mex_8fns_chain_a,am1_monomer,A,90,118,,A118,ARG,R,A,100,96,True,False,True,False,True,seed_mutation_window
2,hans_pocket_ss_only_u02,hans_pocket_ss_only,hans_pocket_8fnr_chain_a,hans_monomer,A,12,35,,A35,LYS,K,T,18,16,True,True,True,True,True,"seed_mutation_window,known_interface_window"
2,hans_pocket_ss_only_u02,hans_pocket_ss_only,hans_pocket_8fnr_chain_a,hans_monomer,A,18,41,,A41,LEU,L,L,24,22,True,False,False,True,False,known_interface_window
2,hans_pocket_ss_only_u02,hans_pocket_ss_only,hans_pocket_8fnr_chain_a,hans_monomer,A,21,44,,A44,ALA,A,A,27,25,False,True,False,True,False,known_interface_window
2,hans_pocket_ss_only_u02,hans_pocket_ss_only,hans_pocket_8fnr_chain_a,hans_monomer,A,32,55,,A55,THR,T,T,38,34,False,True,False,True,False,known_interface_window
2,hans_pocket_ss_only_u02,hans_pocket_ss_only,hans_pocket_8fnr_chain_a,hans_monomer,A,33,56,,A56,ALA,A,A,39,35,False,True,False,True,False,known_interface_window
2,hans_pocket_ss_only_u02,hans_pocket_ss_only,hans_pocket_8fnr_chain_a,hans_monomer,A,34,57,,A57,ILE,I,I,40,36,True,False,False,True,False,known_interface_window
2,hans_pocket_ss_only_u02,hans_pocket_ss_only,hans_pocket_8fnr_chain_a,hans_monomer,A,38,61,,A61,GLY,G,G,44,40,True,True,False,True,False,known_interface_window
2,hans_pocket_ss_only_u02,hans_pocket_ss_only,hans_pocket_8fnr_chain_a,hans_monomer,A,67,90,,A90,LEU,L,L,73,69,True,False,False,True,False,known_interface_window
2,hans_pocket_ss_only_u02,hans_pocket_ss_only,hans_pocket_8fnr_chain_a,hans_monomer,A,69,92,,A92,MET,M,M,75,71,False,True,False,True,False,known_interface_window
2,hans_pocket_ss_only_u02,hans_pocket_ss_only,hans_pocket_8fnr_chain_a,hans_monomer,A,70,93,,A93,ASP,D,D,76,72,False,True,False,True,False,known_interface_window
2,hans_pocket_ss_only_u02,hans_pocket_ss_only,hans_pocket_8fnr_chain_a,hans_monomer,A,73,96,,A96,LEU,L,L,79,75,False,True,False,True,False,known_interface_window
2,hans_pocket_ss_only_u02,hans_pocket_ss_only,hans_pocket_8fnr_chain_a,hans_monomer,A,74,97,,A97,LYS,K,K,80,76,False,True,True,True,False,"seed_mutation_window,known_interface_window"
2,hans_pocket_ss_only_u02,hans_pocket_ss_only,hans_pocket_8fnr_chain_a,hans_monomer,A,77,100,,A100,ARG,R,K,83,79,True,True,True,True,True,"seed_mutation_window,known_interface_window"
2,hans_pocket_ss_only_u02,hans_pocket_ss_only,hans_pocket_8fnr_chain_a,hans_monomer,A,87,110,,A110,LYS,K,G,93,89,True,False,True,False,True,seed_mutation_window
2,hans_pocket_ss_only_u02,hans_pocket_ss_only,hans_pocket_8fnr_chain_a,hans_monomer,A,91,114,,A114,LEU,L,L,97,93,True,False,True,False,False,seed_mutation_window
2,hans_pocket_ss_only_u02,hans_pocket_ss_only,hans_pocket_8fnr_chain_a,hans_monomer,A,92,115,,A115,THR,T,D,98,94,True,False,True,False,True,seed_mutation_window
2,hans_pocket_ss_only_u02,hans_pocket_ss_only,hans_pocket_8fnr_chain_a,hans_monomer,A,94,117,,A117,ALA,A,A,100,96,True,False,True,False,False,seed_mutation_window
3,hans_interface_ss_plus_if_u04,hans_interface_ss_plus_if,hans_interface_8fnr_a_b_c_d,hans_interface_multichain,A,12,35,,A35,LYS,K,S,18,16,True,True,True,True,True,"seed_mutation_window,known_interface_window"
3,hans_interface_ss_plus_if_u04,hans_interface_ss_plus_if,hans_interface_8fnr_a_b_c_d,hans_interface_multichain,A,18,41,,A41,LEU,L,L,24,22,True,False,False,True,False,known_interface_window
3,hans_interface_ss_plus_if_u04,hans_interface_ss_plus_if,hans_interface_8fnr_a_b_c_d,hans_interface_multichain,A,21,44,,A44,ALA,A,A,27,25,False,True,False,True,False,known_interface_window
3,hans_interface_ss_plus_if_u04,hans_interface_ss_plus_if,hans_interface_8fnr_a_b_c_d,hans_interface_multichain,A,32,55,,A55,THR,T,W,38,34,False,True,True,True,True,"seed_mutation_window,known_interface_window"
3,hans_interface_ss_plus_if_u04,hans_interface_ss_plus_if,hans_interface_8fnr_a_b_c_d,hans_interface_multichain,A,33,56,,A56,ALA,A,A,39,35,False,True,True,True,False,"seed_mutation_window,known_interface_window"
3,hans_interface_ss_plus_if_u04,hans_interface_ss_plus_if,hans_interface_8fnr_a_b_c_d,hans_interface_multichain,A,34,57,,A57,ILE,I,I,40,36,True,False,True,True,False,"seed_mutation_window,known_interface_window"
3,hans_interface_ss_plus_if_u04,hans_interface_ss_plus_if,hans_interface_8fnr_a_b_c_d,hans_interface_multichain,A,38,61,,A61,GLY,G,G,44,40,True,True,False,True,False,known_interface_window
3,hans_interface_ss_plus_if_u04,hans_interface_ss_plus_if,hans_interface_8fnr_a_b_c_d,hans_interface_multichain,A,67,90,,A90,LEU,L,L,73,69,True,False,False,True,False,known_interface_window
3,hans_interface_ss_plus_if_u04,hans_interface_ss_plus_if,hans_interface_8fnr_a_b_c_d,hans_interface_multichain,A,69,92,,A92,MET,M,M,75,71,False,True,False,True,False,known_interface_window
3,hans_interface_ss_plus_if_u04,hans_interface_ss_plus_if,hans_interface_8fnr_a_b_c_d,hans_interface_multichain,A,70,93,,A93,ASP,D,D,76,72,False,True,False,True,False,known_interface_window
3,hans_interface_ss_plus_if_u04,hans_interface_ss_plus_if,hans_interface_8fnr_a_b_c_d,hans_interface_multichain,A,73,96,,A96,LEU,L,L,79,75,False,True,False,True,False,known_interface_window
3,hans_interface_ss_plus_if_u04,hans_interface_ss_plus_if,hans_interface_8fnr_a_b_c_d,hans_interface_multichain,A,74,97,,A97,LYS,K,K,80,76,False,True,False,True,False,known_interface_window
3,hans_interface_ss_plus_if_u04,hans_interface_ss_plus_if,hans_interface_8fnr_a_b_c_d,hans_interface_multichain,A,77,100,,A100,ARG,R,R,83,79,True,True,False,True,False,known_interface_window
3,hans_interface_ss_plus_if_u04,hans_interface_ss_plus_if,hans_interface_8fnr_a_b_c_d,hans_interface_multichain,A,87,110,,A110,LYS,K,G,93,89,True,False,True,False,True,seed_mutation_window
3,hans_interface_ss_plus_if_u04,hans_interface_ss_plus_if,hans_interface_8fnr_a_b_c_d,hans_interface_multichain,A,91,114,,A114,LEU,L,L,97,93,True,False,True,False,False,seed_mutation_window
3,hans_interface_ss_plus_if_u04,hans_interface_ss_plus_if,hans_interface_8fnr_a_b_c_d,hans_interface_multichain,A,92,115,,A115,THR,T,E,98,94,True,False,True,False,True,seed_mutation_window
3,hans_interface_ss_plus_if_u04,hans_interface_ss_plus_if,hans_interface_8fnr_a_b_c_d,hans_interface_multichain,A,94,117,,A117,ALA,A,A,100,96,True,False,True,False,False,seed_mutation_window
