template_id,chain_id,site_index,site_label,role,residue_id,residue_name,residue_seq,distance_A,canonical_family_position,am1_mature_position,alignment_status,note
6MI5,X,1,X:200,first_shell,X:35,ASP,35,2.178,14,13,aligned_match,donor_atoms=OD2
6MI5,X,1,X:200,first_shell,X:37,ASP,37,2.368,16,15,aligned_match,"donor_atoms=OD1,OD2"
6MI5,X,1,X:200,first_shell,X:39,ASP,39,2.326,19,17,aligned_match,"donor_atoms=OD1,OD2"
6MI5,X,1,X:200,first_shell,X:41,THR,41,2.535,21,19,aligned_match,donor_atoms=O
6MI5,X,1,X:200,first_shell,X:46,GLU,46,2.284,26,24,aligned_match,"donor_atoms=OE1,OE2"
6MI5,X,1,X:200,second_sphere,X:34,PHE,34,4.035,13,12,aligned_match,
6MI5,X,1,X:200,second_sphere,X:36,PRO,36,5.739,15,14,aligned_match,
6MI5,X,1,X:200,second_sphere,X:38,LYS,38,4.534,18,16,aligned_match,
6MI5,X,1,X:200,second_sphere,X:40,GLY,40,4.11,20,18,aligned_match,
6MI5,X,1,X:200,second_sphere,X:42,ILE,42,3.951,22,20,aligned_match,
6MI5,X,1,X:200,second_sphere,X:43,ASP,43,4.488,23,21,aligned_match,
6MI5,X,1,X:200,second_sphere,X:45,LYS,45,5.43,25,23,aligned_match,
6MI5,X,2,X:201,first_shell,X:61,ASP,61,2.237,43,39,aligned_match,"donor_atoms=OD1,OD2"
6MI5,X,2,X:201,first_shell,X:63,ASP,63,2.307,45,41,aligned_match,"donor_atoms=OD1,OD2"
6MI5,X,2,X:201,first_shell,X:65,THR,65,2.41,47,43,aligned_match,donor_atoms=O
6MI5,X,2,X:201,first_shell,X:67,ASP,67,2.219,49,45,aligned_match,donor_atoms=OD1
6MI5,X,2,X:201,first_shell,X:70,GLU,70,2.317,52,48,aligned_match,"donor_atoms=OE1,OE2"
6MI5,X,2,X:201,second_sphere,X:59,ASP,59,4.556,41,37,aligned_match,
6MI5,X,2,X:201,second_sphere,X:60,PRO,60,5.309,42,38,aligned_match,
6MI5,X,2,X:201,second_sphere,X:62,LYS,62,5.107,44,40,aligned_match,
6MI5,X,2,X:201,second_sphere,X:64,GLY,64,4.97,46,42,aligned_match,
6MI5,X,2,X:201,second_sphere,X:66,LEU,66,3.895,48,44,aligned_match,
6MI5,X,3,X:202,first_shell,X:84,ASP,84,2.218,66,62,aligned_match,donor_atoms=OD1
6MI5,X,3,X:202,first_shell,X:86,ASP,86,2.3,68,64,aligned_match,donor_atoms=OD1
6MI5,X,3,X:202,first_shell,X:88,ASP,88,2.231,70,66,aligned_match,"donor_atoms=OD1,OD2"
6MI5,X,3,X:202,first_shell,X:92,ASP,92,2.263,74,70,aligned_match,donor_atoms=OD1
6MI5,X,3,X:202,first_shell,X:95,GLU,95,2.255,77,73,aligned_match,"donor_atoms=OE1,OE2"
6MI5,X,3,X:202,second_sphere,X:65,THR,65,5.498,47,43,aligned_match,
6MI5,X,3,X:202,second_sphere,X:85,PRO,85,3.535,67,63,aligned_match,
6MI5,X,3,X:202,second_sphere,X:87,ASN,87,5.451,69,65,aligned_match,
6MI5,X,3,X:202,second_sphere,X:89,GLY,89,5.822,71,67,aligned_match,
6MI5,X,3,X:202,second_sphere,X:90,THR,90,3.21,72,68,aligned_match,
6MI5,X,3,X:202,second_sphere,X:91,LEU,91,3.749,73,69,aligned_match,
8FNS,A,1,A:201,first_shell,A:35,ASP,35,2.388,14,13,aligned_match,donor_atoms=OD1
8FNS,A,1,A:201,first_shell,A:37,ASP,37,2.468,16,15,aligned_match,donor_atoms=OD1
8FNS,A,1,A:201,first_shell,A:39,ASP,39,2.41,19,17,aligned_match,"donor_atoms=OD1,OD2"
8FNS,A,1,A:201,first_shell,A:41,THR,41,2.5,21,19,aligned_match,donor_atoms=O
8FNS,A,1,A:201,first_shell,A:46,GLU,46,2.534,26,24,aligned_match,"donor_atoms=OE1,OE2"
8FNS,A,1,A:201,second_sphere,A:34,PHE,34,5.47,13,12,aligned_match,
8FNS,A,1,A:201,second_sphere,A:36,PRO,36,5.288,15,14,aligned_match,
8FNS,A,1,A:201,second_sphere,A:38,LYS,38,4.976,18,16,aligned_match,
8FNS,A,1,A:201,second_sphere,A:40,GLY,40,5.131,20,18,aligned_match,
8FNS,A,1,A:201,second_sphere,A:42,ILE,42,4.481,22,20,aligned_match,
8FNS,A,1,A:201,second_sphere,A:43,ASP,43,4.462,23,21,aligned_match,
8FNS,A,1,A:201,solvent_contact,A:326,HOH,326,2.423,,,non_polymer,water_or_buffer
8FNS,A,1,A:201,solvent_contact,A:339,HOH,339,5.625,,,non_polymer,water_or_buffer
8FNS,A,1,A:201,solvent_contact,A:345,HOH,345,2.511,,,non_polymer,water_or_buffer
8FNS,A,1,A:201,solvent_contact,A:346,HOH,346,5.862,,,non_polymer,water_or_buffer
8FNS,A,1,A:201,solvent_contact,A:387,HOH,387,4.904,,,non_polymer,water_or_buffer
8FNS,A,1,A:201,solvent_contact,A:414,HOH,414,5.576,,,non_polymer,water_or_buffer
8FNS,A,1,A:201,solvent_contact,A:422,HOH,422,4.503,,,non_polymer,water_or_buffer
8FNS,A,2,A:202,first_shell,A:59,ASP,59,2.415,41,37,aligned_match,donor_atoms=OD1
8FNS,A,2,A:202,first_shell,A:61,ASP,61,2.615,43,39,aligned_match,donor_atoms=OD1
8FNS,A,2,A:202,first_shell,A:63,ASP,63,2.436,45,41,aligned_match,"donor_atoms=OD1,OD2"
8FNS,A,2,A:202,first_shell,A:65,THR,65,2.525,47,43,aligned_match,donor_atoms=O
8FNS,A,2,A:202,first_shell,A:70,GLU,70,2.559,52,48,aligned_match,"donor_atoms=OE1,OE2"
8FNS,A,2,A:202,second_sphere,A:58,LEU,58,5.529,40,36,aligned_match,
8FNS,A,2,A:202,second_sphere,A:60,PRO,60,5.682,42,38,aligned_match,
8FNS,A,2,A:202,second_sphere,A:62,LYS,62,5.262,44,40,aligned_match,
8FNS,A,2,A:202,second_sphere,A:64,GLY,64,5.237,46,42,aligned_match,
8FNS,A,2,A:202,second_sphere,A:66,LEU,66,4.496,48,44,aligned_match,
8FNS,A,2,A:202,second_sphere,A:67,ASP,67,4.925,49,45,aligned_match,
8FNS,A,2,A:202,solvent_contact,A:312,HOH,312,4.659,,,non_polymer,water_or_buffer
8FNS,A,2,A:202,solvent_contact,A:319,HOH,319,4.919,,,non_polymer,water_or_buffer
8FNS,A,2,A:202,solvent_contact,A:322,HOH,322,2.532,,,non_polymer,water_or_buffer
8FNS,A,2,A:202,solvent_contact,A:328,HOH,328,2.605,,,non_polymer,water_or_buffer
8FNS,A,2,A:202,solvent_contact,A:361,HOH,361,5.99,,,non_polymer,water_or_buffer
8FNS,A,2,A:202,solvent_contact,A:428,HOH,428,5.473,,,non_polymer,water_or_buffer
8FNS,A,3,A:203,first_shell,A:84,ASP,84,2.351,66,62,aligned_match,donor_atoms=OD1
8FNS,A,3,A:203,first_shell,A:86,ASP,86,2.488,68,64,aligned_match,donor_atoms=OD1
8FNS,A,3,A:203,first_shell,A:88,ASP,88,2.454,70,66,aligned_match,"donor_atoms=OD1,OD2"
8FNS,A,3,A:203,first_shell,A:90,THR,90,2.528,72,68,aligned_match,donor_atoms=O
8FNS,A,3,A:203,first_shell,A:95,GLU,95,2.543,77,73,aligned_match,"donor_atoms=OE1,OE2"
8FNS,A,3,A:203,second_sphere,A:85,PRO,85,5.416,67,63,aligned_match,
8FNS,A,3,A:203,second_sphere,A:87,ASN,87,5.12,69,65,aligned_match,
8FNS,A,3,A:203,second_sphere,A:89,GLY,89,5.274,71,67,aligned_match,
8FNS,A,3,A:203,second_sphere,A:91,LEU,91,4.516,73,69,aligned_match,
8FNS,A,3,A:203,second_sphere,A:92,ASP,92,4.659,74,70,aligned_match,
8FNS,A,3,A:203,solvent_contact,A:311,HOH,311,5.419,,,non_polymer,water_or_buffer
8FNS,A,3,A:203,solvent_contact,A:320,HOH,320,2.426,,,non_polymer,water_or_buffer
8FNS,A,3,A:203,solvent_contact,A:331,HOH,331,2.483,,,non_polymer,water_or_buffer
8FNS,A,3,A:203,solvent_contact,A:338,HOH,338,5.516,,,non_polymer,water_or_buffer
8FNS,A,3,A:203,solvent_contact,A:358,HOH,358,5.099,,,non_polymer,water_or_buffer
8FNS,A,3,A:203,solvent_contact,A:373,HOH,373,4.926,,,non_polymer,water_or_buffer
8FNS,A,3,A:203,solvent_contact,A:434,HOH,434,4.62,,,non_polymer,water_or_buffer
8FNS,A,4,A:204,first_shell,A:108,ASN,108,2.445,90,86,aligned_match,donor_atoms=OD1
8FNS,A,4,A:204,first_shell,A:110,ASP,110,2.63,92,88,aligned_match,"donor_atoms=OD1,OD2"
8FNS,A,4,A:204,first_shell,A:112,ASP,112,2.513,94,90,aligned_match,"donor_atoms=OD1,OD2"
8FNS,A,4,A:204,first_shell,A:114,THR,114,2.502,96,92,aligned_match,donor_atoms=O
8FNS,A,4,A:204,first_shell,A:119,GLU,119,2.495,101,97,aligned_match,"donor_atoms=OE1,OE2"
8FNS,A,4,A:204,second_sphere,A:111,ASN,111,5.53,93,89,aligned_match,
8FNS,A,4,A:204,second_sphere,A:113,GLY,113,5.57,95,91,aligned_match,
8FNS,A,4,A:204,second_sphere,A:115,ILE,115,4.559,97,93,aligned_match,
8FNS,A,4,A:204,second_sphere,A:116,ASP,116,4.736,98,94,aligned_match,
8FNS,A,4,A:204,second_sphere,A:118,ARG,118,5.69,100,96,aligned_match,
8FNS,A,4,A:204,solvent_contact,A:310,HOH,310,4.557,,,non_polymer,water_or_buffer
8FNS,A,4,A:204,solvent_contact,A:316,HOH,316,4.468,,,non_polymer,water_or_buffer
8FNS,A,4,A:204,solvent_contact,A:337,HOH,337,2.499,,,non_polymer,water_or_buffer
8FNS,A,4,A:204,solvent_contact,A:342,HOH,342,2.47,,,non_polymer,water_or_buffer
8FNS,A,4,A:204,solvent_contact,A:348,HOH,348,5.623,,,non_polymer,water_or_buffer
8DQ2,A,1,A:201,first_shell,A:34,ASN,34,2.47,17,,aligned_to_am1_gap,donor_atoms=OD1
8DQ2,A,1,A:201,first_shell,A:36,ASP,36,2.469,19,17,aligned_match,"donor_atoms=OD1,OD2"
8DQ2,A,1,A:201,first_shell,A:38,ASP,38,2.508,21,19,aligned_substitution,"donor_atoms=OD1,OD2"
8DQ2,A,1,A:201,first_shell,A:40,SER,40,2.558,23,21,aligned_substitution,donor_atoms=O
8DQ2,A,1,A:201,first_shell,A:42,GLU,42,2.503,25,23,aligned_substitution,"donor_atoms=OE1,OE2"
8DQ2,A,1,A:201,first_shell,A:45,GLU,45,2.593,28,26,aligned_substitution,"donor_atoms=OE1,OE2"
8DQ2,A,1,A:201,second_sphere,A:35,LYS,35,5.449,18,16,aligned_match,
8DQ2,A,1,A:201,second_sphere,A:37,ASN,37,5.836,20,18,aligned_substitution,
8DQ2,A,1,A:201,second_sphere,A:39,ASP,39,5.647,22,20,aligned_substitution,
8DQ2,A,1,A:201,second_sphere,A:41,LEU,41,4.345,24,22,aligned_match,
8DQ2,A,1,A:201,solvent_contact,A:304,HOH,304,4.83,,,non_polymer,water_or_buffer
8DQ2,A,1,A:201,solvent_contact,A:308,HOH,308,5.082,,,non_polymer,water_or_buffer
8DQ2,A,1,A:201,solvent_contact,A:314,HOH,314,5.732,,,non_polymer,water_or_buffer
8DQ2,A,2,A:202,first_shell,A:58,ASN,58,2.453,41,37,aligned_substitution,donor_atoms=OD1
8DQ2,A,2,A:202,first_shell,A:60,ASP,60,2.512,43,39,aligned_match,"donor_atoms=OD1,OD2"
8DQ2,A,2,A:202,first_shell,A:62,ASP,62,2.473,45,41,aligned_match,"donor_atoms=OD1,OD2"
8DQ2,A,2,A:202,first_shell,A:64,THR,64,2.6,47,43,aligned_match,donor_atoms=O
8DQ2,A,2,A:202,first_shell,A:66,GLU,66,2.607,49,45,aligned_substitution,"donor_atoms=OE1,OE2"
8DQ2,A,2,A:202,first_shell,A:69,GLU,69,2.688,52,48,aligned_match,"donor_atoms=OE1,OE2"
8DQ2,A,2,A:202,second_sphere,A:59,PRO,59,5.342,42,38,aligned_match,
8DQ2,A,2,A:202,second_sphere,A:61,GLY,61,5.648,44,40,aligned_substitution,
8DQ2,A,2,A:202,second_sphere,A:63,THR,63,5.587,46,42,aligned_substitution,
8DQ2,A,2,A:202,second_sphere,A:65,LEU,65,4.362,48,44,aligned_match,
8DQ2,A,2,A:202,solvent_contact,A:306,HOH,306,5.898,,,non_polymer,water_or_buffer
8DQ2,A,2,A:202,solvent_contact,A:324,HOH,324,5.139,,,non_polymer,water_or_buffer
8DQ2,A,2,A:202,solvent_contact,A:359,HOH,359,4.809,,,non_polymer,water_or_buffer
8DQ2,A,3,A:203,first_shell,A:83,ASN,83,2.452,66,62,aligned_substitution,donor_atoms=OD1
8DQ2,A,3,A:203,first_shell,A:85,ASP,85,2.598,68,64,aligned_match,"donor_atoms=OD1,OD2"
8DQ2,A,3,A:203,first_shell,A:87,ASP,87,2.541,70,66,aligned_match,"donor_atoms=OD1,OD2"
8DQ2,A,3,A:203,first_shell,A:89,THR,89,2.65,72,68,aligned_match,donor_atoms=O
8DQ2,A,3,A:203,first_shell,A:91,GLU,91,2.595,74,70,aligned_substitution,"donor_atoms=OE1,OE2"
8DQ2,A,3,A:203,first_shell,A:94,GLU,94,2.54,77,73,aligned_match,"donor_atoms=OE1,OE2"
8DQ2,A,3,C:203,second_sphere,A:43,ILE,43,5.255,26,24,aligned_substitution,
8DQ2,A,3,A:203,second_sphere,A:84,LYS,84,5.606,67,63,aligned_substitution,
8DQ2,A,3,A:203,second_sphere,A:86,GLY,86,5.809,69,65,aligned_substitution,
8DQ2,A,3,A:203,second_sphere,A:88,GLN,88,5.745,71,67,aligned_substitution,
8DQ2,A,3,A:203,second_sphere,A:90,LEU,90,4.608,73,69,aligned_match,
8DQ2,A,3,C:203,second_sphere,A:100,ARG,100,4.689,83,79,aligned_substitution,
8DQ2,A,3,A:203,solvent_contact,A:328,HOH,328,5.635,,,non_polymer,water_or_buffer
8DQ2,A,3,A:203,solvent_contact,A:350,HOH,350,5.208,,,non_polymer,water_or_buffer
8DQ2,A,,,interchain_contact,A:43,ILE,43,3.949,26,24,aligned_substitution,partner_chains=C
8DQ2,A,,,interchain_contact,A:44,ALA,44,3.704,27,25,aligned_match,partner_chains=C
8DQ2,A,,,interchain_contact,A:47,ILE,47,3.705,30,,aligned_to_am1_gap,partner_chains=C
8DQ2,A,,,interchain_contact,A:48,HIS,48,3.58,31,,aligned_to_am1_gap,partner_chains=C
8DQ2,A,,,interchain_contact,A:51,ALA,51,4.795,34,30,aligned_substitution,partner_chains=C
8DQ2,A,,,interchain_contact,A:55,THR,55,3.031,38,34,aligned_substitution,partner_chains=B
8DQ2,A,,,interchain_contact,A:56,ALA,56,4.707,39,35,aligned_substitution,partner_chains=B
8DQ2,A,,,interchain_contact,A:58,ASN,58,3.198,41,37,aligned_substitution,partner_chains=B
8DQ2,A,,,interchain_contact,A:59,PRO,59,4.539,42,38,aligned_match,partner_chains=B
8DQ2,A,,,interchain_contact,A:60,ASP,60,4.745,43,39,aligned_match,partner_chains=B
8DQ2,A,,,interchain_contact,A:61,GLY,61,3.423,44,40,aligned_substitution,partner_chains=B
8DQ2,A,,,interchain_contact,A:62,ASP,62,4.943,45,41,aligned_match,partner_chains=B
8DQ2,A,,,interchain_contact,A:63,THR,63,3.593,46,42,aligned_substitution,partner_chains=C
8DQ2,A,,,interchain_contact,A:64,THR,64,3.857,47,43,aligned_match,partner_chains=C
8DQ2,A,,,interchain_contact,A:85,ASP,85,3.111,68,64,aligned_match,partner_chains=C
8DQ2,A,,,interchain_contact,A:87,ASP,87,4.052,70,66,aligned_match,partner_chains=C
8DQ2,A,,,interchain_contact,A:91,GLU,91,2.88,74,70,aligned_substitution,partner_chains=C
8DQ2,A,,,interchain_contact,A:92,MET,92,3.506,75,71,aligned_substitution,partner_chains=C
8DQ2,A,,,interchain_contact,A:93,ASP,93,2.528,76,72,aligned_substitution,partner_chains=C
8DQ2,A,,,interchain_contact,A:94,GLU,94,3.71,77,73,aligned_match,partner_chains=C
8DQ2,A,,,interchain_contact,A:96,LEU,96,3.587,79,75,aligned_match,partner_chains=C
8DQ2,A,,,interchain_contact,A:97,LYS,97,4.855,80,76,aligned_substitution,partner_chains=C
8DQ2,A,,,interchain_contact,A:100,ARG,100,2.56,83,79,aligned_substitution,partner_chains=C
8DQ2,B,1,B:202,first_shell,B:34,ASN,34,2.593,17,,aligned_to_am1_gap,donor_atoms=OD1
8DQ2,B,1,B:202,first_shell,B:36,ASP,36,2.525,19,17,aligned_match,"donor_atoms=OD1,OD2"
8DQ2,B,1,B:202,first_shell,B:38,ASP,38,2.504,21,19,aligned_substitution,"donor_atoms=OD1,OD2"
8DQ2,B,1,B:202,first_shell,B:40,SER,40,2.615,23,21,aligned_substitution,donor_atoms=O
8DQ2,B,1,B:202,first_shell,B:42,GLU,42,2.523,25,23,aligned_substitution,"donor_atoms=OE1,OE2"
8DQ2,B,1,B:202,first_shell,B:45,GLU,45,2.714,28,26,aligned_substitution,"donor_atoms=OE1,OE2"
8DQ2,B,1,B:202,second_sphere,B:35,LYS,35,5.534,18,16,aligned_match,
8DQ2,B,1,B:202,second_sphere,B:37,ASN,37,5.944,20,18,aligned_substitution,
8DQ2,B,1,B:202,second_sphere,B:39,ASP,39,5.645,22,20,aligned_substitution,
8DQ2,B,1,B:202,second_sphere,B:41,LEU,41,4.4,24,22,aligned_match,
8DQ2,B,1,B:202,solvent_contact,B:309,HOH,309,4.667,,,non_polymer,water_or_buffer
8DQ2,B,1,B:202,solvent_contact,B:313,HOH,313,4.56,,,non_polymer,water_or_buffer
8DQ2,B,1,B:202,solvent_contact,B:321,HOH,321,5.829,,,non_polymer,water_or_buffer
8DQ2,B,1,B:202,solvent_contact,B:322,HOH,322,5.046,,,non_polymer,water_or_buffer
8DQ2,B,1,B:202,solvent_contact,B:323,HOH,323,5.105,,,non_polymer,water_or_buffer
8DQ2,B,2,B:203,first_shell,B:58,ASN,58,2.444,41,37,aligned_substitution,donor_atoms=OD1
8DQ2,B,2,B:203,first_shell,B:60,ASP,60,2.481,43,39,aligned_match,"donor_atoms=OD1,OD2"
8DQ2,B,2,B:203,first_shell,B:62,ASP,62,2.492,45,41,aligned_match,"donor_atoms=OD1,OD2"
8DQ2,B,2,B:203,first_shell,B:64,THR,64,2.546,47,43,aligned_match,donor_atoms=O
8DQ2,B,2,B:203,first_shell,B:66,GLU,66,2.635,49,45,aligned_substitution,"donor_atoms=OE1,OE2"
8DQ2,B,2,B:203,first_shell,B:69,GLU,69,2.668,52,48,aligned_match,"donor_atoms=OE1,OE2"
8DQ2,B,2,B:203,second_sphere,B:59,PRO,59,5.352,42,38,aligned_match,
8DQ2,B,2,B:203,second_sphere,B:61,GLY,61,5.651,44,40,aligned_substitution,
8DQ2,B,2,B:203,second_sphere,B:63,THR,63,5.599,46,42,aligned_substitution,
8DQ2,B,2,B:203,second_sphere,B:65,LEU,65,4.325,48,44,aligned_match,
8DQ2,B,2,B:203,solvent_contact,B:311,HOH,311,4.826,,,non_polymer,water_or_buffer
8DQ2,B,2,B:203,solvent_contact,B:327,HOH,327,5.976,,,non_polymer,water_or_buffer
8DQ2,B,2,B:203,solvent_contact,B:353,HOH,353,4.789,,,non_polymer,water_or_buffer
8DQ2,B,3,B:204,first_shell,B:83,ASN,83,2.51,66,62,aligned_substitution,donor_atoms=OD1
8DQ2,B,3,B:204,first_shell,B:85,ASP,85,2.499,68,64,aligned_match,"donor_atoms=OD1,OD2"
8DQ2,B,3,B:204,first_shell,B:87,ASP,87,2.506,70,66,aligned_match,"donor_atoms=OD1,OD2"
8DQ2,B,3,B:204,first_shell,B:89,THR,89,2.683,72,68,aligned_match,donor_atoms=O
8DQ2,B,3,B:204,first_shell,B:91,GLU,91,2.595,74,70,aligned_substitution,"donor_atoms=OE1,OE2"
8DQ2,B,3,B:204,first_shell,B:94,GLU,94,2.571,77,73,aligned_match,"donor_atoms=OE1,OE2"
8DQ2,B,3,D:204,second_sphere,B:43,ILE,43,5.262,26,24,aligned_substitution,
8DQ2,B,3,B:204,second_sphere,B:84,LYS,84,5.557,67,63,aligned_substitution,
8DQ2,B,3,B:204,second_sphere,B:86,GLY,86,5.756,69,65,aligned_substitution,
8DQ2,B,3,B:204,second_sphere,B:88,GLN,88,5.775,71,67,aligned_substitution,
8DQ2,B,3,B:204,second_sphere,B:90,LEU,90,4.626,73,69,aligned_match,
8DQ2,B,3,D:204,second_sphere,B:100,ARG,100,4.772,83,79,aligned_substitution,
8DQ2,B,3,B:204,solvent_contact,B:307,HOH,307,4.684,,,non_polymer,water_or_buffer
8DQ2,B,3,B:204,solvent_contact,B:308,HOH,308,5.572,,,non_polymer,water_or_buffer
8DQ2,B,,,interchain_contact,B:28,ASP,28,3.88,11,,aligned_to_am1_gap,partner_chains=C
8DQ2,B,,,interchain_contact,B:32,ALA,32,3.423,15,14,aligned_substitution,partner_chains=A
8DQ2,B,,,interchain_contact,B:33,LEU,33,3.93,16,15,aligned_substitution,partner_chains=A
8DQ2,B,,,interchain_contact,B:35,LYS,35,3.031,18,16,aligned_match,partner_chains=A
8DQ2,B,,,interchain_contact,B:43,ILE,43,3.877,26,24,aligned_substitution,partner_chains=D
8DQ2,B,,,interchain_contact,B:44,ALA,44,3.758,27,25,aligned_match,partner_chains=D
8DQ2,B,,,interchain_contact,B:47,ILE,47,3.802,30,,aligned_to_am1_gap,partner_chains=D
8DQ2,B,,,interchain_contact,B:48,HIS,48,3.489,31,,aligned_to_am1_gap,"partner_chains=A,D"
8DQ2,B,,,interchain_contact,B:51,ALA,51,4.748,34,30,aligned_substitution,partner_chains=D
8DQ2,B,,,interchain_contact,B:52,THR,52,4.745,35,31,aligned_substitution,partner_chains=A
8DQ2,B,,,interchain_contact,B:63,THR,63,3.75,46,42,aligned_substitution,partner_chains=D
8DQ2,B,,,interchain_contact,B:64,THR,64,3.827,47,43,aligned_match,partner_chains=D
8DQ2,B,,,interchain_contact,B:85,ASP,85,3.156,68,64,aligned_match,partner_chains=D
8DQ2,B,,,interchain_contact,B:87,ASP,87,4.222,70,66,aligned_match,partner_chains=D
8DQ2,B,,,interchain_contact,B:91,GLU,91,2.929,74,70,aligned_substitution,partner_chains=D
8DQ2,B,,,interchain_contact,B:92,MET,92,3.507,75,71,aligned_substitution,partner_chains=D
8DQ2,B,,,interchain_contact,B:93,ASP,93,2.459,76,72,aligned_substitution,partner_chains=D
8DQ2,B,,,interchain_contact,B:94,GLU,94,3.516,77,73,aligned_match,partner_chains=D
8DQ2,B,,,interchain_contact,B:96,LEU,96,3.576,79,75,aligned_match,partner_chains=D
8DQ2,B,,,interchain_contact,B:97,LYS,97,4.959,80,76,aligned_substitution,partner_chains=D
8DQ2,B,,,interchain_contact,B:100,ARG,100,2.48,83,79,aligned_substitution,partner_chains=D
8DQ2,C,1,C:201,first_shell,C:34,ASN,34,2.531,17,,aligned_to_am1_gap,donor_atoms=OD1
8DQ2,C,1,C:201,first_shell,C:36,ASP,36,2.489,19,17,aligned_match,"donor_atoms=OD1,OD2"
8DQ2,C,1,C:201,first_shell,C:38,ASP,38,2.51,21,19,aligned_substitution,"donor_atoms=OD1,OD2"
8DQ2,C,1,C:201,first_shell,C:40,SER,40,2.568,23,21,aligned_substitution,donor_atoms=O
8DQ2,C,1,C:201,first_shell,C:42,GLU,42,2.494,25,23,aligned_substitution,"donor_atoms=OE1,OE2"
8DQ2,C,1,C:201,first_shell,C:45,GLU,45,2.601,28,26,aligned_substitution,"donor_atoms=OE1,OE2"
8DQ2,C,1,C:201,second_sphere,C:35,LYS,35,5.404,18,16,aligned_match,
8DQ2,C,1,C:201,second_sphere,C:37,ASN,37,5.924,20,18,aligned_substitution,
8DQ2,C,1,C:201,second_sphere,C:39,ASP,39,5.606,22,20,aligned_substitution,
8DQ2,C,1,C:201,second_sphere,C:41,LEU,41,4.372,24,22,aligned_match,
8DQ2,C,1,C:201,solvent_contact,C:304,HOH,304,4.847,,,non_polymer,water_or_buffer
8DQ2,C,1,C:201,solvent_contact,C:309,HOH,309,4.578,,,non_polymer,water_or_buffer
8DQ2,C,1,C:201,solvent_contact,C:350,HOH,350,5.151,,,non_polymer,water_or_buffer
8DQ2,C,2,C:202,first_shell,C:58,ASN,58,2.452,41,37,aligned_substitution,donor_atoms=OD1
8DQ2,C,2,C:202,first_shell,C:60,ASP,60,2.478,43,39,aligned_match,"donor_atoms=OD1,OD2"
8DQ2,C,2,C:202,first_shell,C:62,ASP,62,2.458,45,41,aligned_match,"donor_atoms=OD1,OD2"
8DQ2,C,2,C:202,first_shell,C:64,THR,64,2.645,47,43,aligned_match,donor_atoms=O
8DQ2,C,2,C:202,first_shell,C:66,GLU,66,2.573,49,45,aligned_substitution,"donor_atoms=OE1,OE2"
8DQ2,C,2,C:202,first_shell,C:69,GLU,69,2.659,52,48,aligned_match,"donor_atoms=OE1,OE2"
8DQ2,C,2,C:202,second_sphere,C:59,PRO,59,5.339,42,38,aligned_match,
8DQ2,C,2,C:202,second_sphere,C:61,GLY,61,5.628,44,40,aligned_substitution,
8DQ2,C,2,C:202,second_sphere,C:63,THR,63,5.54,46,42,aligned_substitution,
8DQ2,C,2,C:202,second_sphere,C:65,LEU,65,4.378,48,44,aligned_match,
8DQ2,C,2,C:202,solvent_contact,C:341,HOH,341,5.182,,,non_polymer,water_or_buffer
8DQ2,C,2,C:202,solvent_contact,C:345,HOH,345,4.851,,,non_polymer,water_or_buffer
8DQ2,C,3,C:203,first_shell,C:83,ASN,83,2.399,66,62,aligned_substitution,donor_atoms=OD1
8DQ2,C,3,C:203,first_shell,C:85,ASP,85,2.489,68,64,aligned_match,"donor_atoms=OD1,OD2"
8DQ2,C,3,C:203,first_shell,C:87,ASP,87,2.542,70,66,aligned_match,"donor_atoms=OD1,OD2"
8DQ2,C,3,C:203,first_shell,C:89,THR,89,2.584,72,68,aligned_match,donor_atoms=O
8DQ2,C,3,C:203,first_shell,C:91,GLU,91,2.607,74,70,aligned_substitution,"donor_atoms=OE1,OE2"
8DQ2,C,3,C:203,first_shell,C:94,GLU,94,2.561,77,73,aligned_match,"donor_atoms=OE1,OE2"
8DQ2,C,3,A:203,second_sphere,C:43,ILE,43,5.144,26,24,aligned_substitution,
8DQ2,C,3,C:203,second_sphere,C:82,ALA,82,5.967,65,61,aligned_substitution,
8DQ2,C,3,C:203,second_sphere,C:84,LYS,84,5.525,67,63,aligned_substitution,
8DQ2,C,3,C:203,second_sphere,C:86,GLY,86,5.784,69,65,aligned_substitution,
8DQ2,C,3,C:203,second_sphere,C:88,GLN,88,5.756,71,67,aligned_substitution,
8DQ2,C,3,C:203,second_sphere,C:90,LEU,90,4.603,73,69,aligned_match,
8DQ2,C,3,A:203,second_sphere,C:100,ARG,100,4.899,83,79,aligned_substitution,
8DQ2,C,3,C:203,solvent_contact,C:319,HOH,319,5.351,,,non_polymer,water_or_buffer
8DQ2,C,3,C:203,solvent_contact,C:330,HOH,330,4.888,,,non_polymer,water_or_buffer
8DQ2,C,3,C:203,solvent_contact,C:331,HOH,331,5.144,,,non_polymer,water_or_buffer
8DQ2,C,,,interchain_contact,C:35,LYS,35,3.88,18,16,aligned_match,partner_chains=B
8DQ2,C,,,interchain_contact,C:43,ILE,43,3.808,26,24,aligned_substitution,partner_chains=A
8DQ2,C,,,interchain_contact,C:44,ALA,44,3.857,27,25,aligned_match,partner_chains=A
8DQ2,C,,,interchain_contact,C:47,ILE,47,3.755,30,,aligned_to_am1_gap,partner_chains=A
8DQ2,C,,,interchain_contact,C:48,HIS,48,3.593,31,,aligned_to_am1_gap,partner_chains=A
8DQ2,C,,,interchain_contact,C:51,ALA,51,4.36,34,30,aligned_substitution,partner_chains=A
8DQ2,C,,,interchain_contact,C:63,THR,63,3.58,46,42,aligned_substitution,partner_chains=A
8DQ2,C,,,interchain_contact,C:64,THR,64,3.704,47,43,aligned_match,partner_chains=A
8DQ2,C,,,interchain_contact,C:85,ASP,85,3.09,68,64,aligned_match,partner_chains=A
8DQ2,C,,,interchain_contact,C:87,ASP,87,4.091,70,66,aligned_match,partner_chains=A
8DQ2,C,,,interchain_contact,C:89,THR,89,4.99,72,68,aligned_match,partner_chains=A
8DQ2,C,,,interchain_contact,C:91,GLU,91,2.642,74,70,aligned_substitution,partner_chains=A
8DQ2,C,,,interchain_contact,C:92,MET,92,3.624,75,71,aligned_substitution,partner_chains=A
8DQ2,C,,,interchain_contact,C:93,ASP,93,2.56,76,72,aligned_substitution,partner_chains=A
8DQ2,C,,,interchain_contact,C:94,GLU,94,3.509,77,73,aligned_match,partner_chains=A
8DQ2,C,,,interchain_contact,C:96,LEU,96,3.506,79,75,aligned_match,partner_chains=A
8DQ2,C,,,interchain_contact,C:97,LYS,97,4.894,80,76,aligned_substitution,partner_chains=A
8DQ2,C,,,interchain_contact,C:100,ARG,100,2.528,83,79,aligned_substitution,partner_chains=A
8DQ2,D,1,D:202,first_shell,D:34,ASN,34,2.656,17,,aligned_to_am1_gap,donor_atoms=OD1
8DQ2,D,1,D:202,first_shell,D:36,ASP,36,2.663,19,17,aligned_match,"donor_atoms=OD1,OD2"
8DQ2,D,1,D:202,first_shell,D:38,ASP,38,2.535,21,19,aligned_substitution,"donor_atoms=OD1,OD2"
8DQ2,D,1,D:202,first_shell,D:40,SER,40,2.619,23,21,aligned_substitution,donor_atoms=O
8DQ2,D,1,D:202,first_shell,D:42,GLU,42,2.495,25,23,aligned_substitution,"donor_atoms=OE1,OE2"
8DQ2,D,1,D:202,first_shell,D:45,GLU,45,2.583,28,26,aligned_substitution,"donor_atoms=OE1,OE2"
8DQ2,D,1,D:202,second_sphere,D:35,LYS,35,5.762,18,16,aligned_match,
8DQ2,D,1,D:202,second_sphere,D:39,ASP,39,5.741,22,20,aligned_substitution,
8DQ2,D,1,D:202,second_sphere,D:41,LEU,41,4.333,24,22,aligned_match,
8DQ2,D,1,D:202,solvent_contact,D:341,HOH,341,4.8,,,non_polymer,water_or_buffer
8DQ2,D,2,D:203,first_shell,D:58,ASN,58,2.478,41,37,aligned_substitution,donor_atoms=OD1
8DQ2,D,2,D:203,first_shell,D:60,ASP,60,2.55,43,39,aligned_match,"donor_atoms=OD1,OD2"
8DQ2,D,2,D:203,first_shell,D:62,ASP,62,2.539,45,41,aligned_match,"donor_atoms=OD1,OD2"
8DQ2,D,2,D:203,first_shell,D:64,THR,64,2.692,47,43,aligned_match,donor_atoms=O
8DQ2,D,2,D:203,first_shell,D:66,GLU,66,2.49,49,45,aligned_substitution,"donor_atoms=OE1,OE2"
8DQ2,D,2,D:203,first_shell,D:69,GLU,69,2.703,52,48,aligned_match,"donor_atoms=OE1,OE2"
8DQ2,D,2,D:203,second_sphere,D:59,PRO,59,5.395,42,38,aligned_match,
8DQ2,D,2,D:203,second_sphere,D:61,GLY,61,5.767,44,40,aligned_substitution,
8DQ2,D,2,D:203,second_sphere,D:63,THR,63,5.589,46,42,aligned_substitution,
8DQ2,D,2,D:203,second_sphere,D:65,LEU,65,4.363,48,44,aligned_match,
8DQ2,D,3,D:204,first_shell,D:83,ASN,83,2.437,66,62,aligned_substitution,donor_atoms=OD1
8DQ2,D,3,D:204,first_shell,D:85,ASP,85,2.476,68,64,aligned_match,"donor_atoms=OD1,OD2"
8DQ2,D,3,D:204,first_shell,D:87,ASP,87,2.546,70,66,aligned_match,"donor_atoms=OD1,OD2"
8DQ2,D,3,D:204,first_shell,D:89,THR,89,2.614,72,68,aligned_match,donor_atoms=O
8DQ2,D,3,D:204,first_shell,D:91,GLU,91,2.583,74,70,aligned_substitution,"donor_atoms=OE1,OE2"
8DQ2,D,3,D:204,first_shell,D:94,GLU,94,2.558,77,73,aligned_match,"donor_atoms=OE1,OE2"
8DQ2,D,3,B:204,second_sphere,D:43,ILE,43,5.236,26,24,aligned_substitution,
8DQ2,D,3,D:204,second_sphere,D:84,LYS,84,5.525,67,63,aligned_substitution,
8DQ2,D,3,D:204,second_sphere,D:86,GLY,86,5.763,69,65,aligned_substitution,
8DQ2,D,3,D:204,second_sphere,D:88,GLN,88,5.746,71,67,aligned_substitution,
8DQ2,D,3,D:204,second_sphere,D:90,LEU,90,4.598,73,69,aligned_match,
8DQ2,D,3,B:204,second_sphere,D:100,ARG,100,4.836,83,79,aligned_substitution,
8DQ2,D,3,D:204,solvent_contact,D:314,HOH,314,5.227,,,non_polymer,water_or_buffer
8DQ2,D,3,D:204,solvent_contact,D:321,HOH,321,5.042,,,non_polymer,water_or_buffer
8DQ2,D,,,interchain_contact,D:43,ILE,43,3.815,26,24,aligned_substitution,partner_chains=B
8DQ2,D,,,interchain_contact,D:44,ALA,44,3.809,27,25,aligned_match,partner_chains=B
8DQ2,D,,,interchain_contact,D:47,ILE,47,3.723,30,,aligned_to_am1_gap,partner_chains=B
8DQ2,D,,,interchain_contact,D:48,HIS,48,3.75,31,,aligned_to_am1_gap,partner_chains=B
8DQ2,D,,,interchain_contact,D:51,ALA,51,4.286,34,30,aligned_substitution,partner_chains=B
8DQ2,D,,,interchain_contact,D:63,THR,63,3.489,46,42,aligned_substitution,partner_chains=B
8DQ2,D,,,interchain_contact,D:64,THR,64,3.782,47,43,aligned_match,partner_chains=B
8DQ2,D,,,interchain_contact,D:85,ASP,85,3.242,68,64,aligned_match,partner_chains=B
8DQ2,D,,,interchain_contact,D:87,ASP,87,4.112,70,66,aligned_match,partner_chains=B
8DQ2,D,,,interchain_contact,D:91,GLU,91,2.865,74,70,aligned_substitution,partner_chains=B
8DQ2,D,,,interchain_contact,D:92,MET,92,3.576,75,71,aligned_substitution,partner_chains=B
8DQ2,D,,,interchain_contact,D:93,ASP,93,2.48,76,72,aligned_substitution,partner_chains=B
8DQ2,D,,,interchain_contact,D:94,GLU,94,3.644,77,73,aligned_match,partner_chains=B
8DQ2,D,,,interchain_contact,D:96,LEU,96,3.507,79,75,aligned_match,partner_chains=B
8DQ2,D,,,interchain_contact,D:97,LYS,97,4.865,80,76,aligned_substitution,partner_chains=B
8DQ2,D,,,interchain_contact,D:100,ARG,100,2.459,83,79,aligned_substitution,partner_chains=B
8FNR,A,1,A:201,first_shell,A:34,ASN,34,2.269,17,,aligned_to_am1_gap,donor_atoms=OD1
8FNR,A,1,A:201,first_shell,A:36,ASP,36,2.307,19,17,aligned_match,"donor_atoms=OD1,OD2"
8FNR,A,1,A:201,first_shell,A:38,ASP,38,2.411,21,19,aligned_substitution,"donor_atoms=OD1,OD2"
8FNR,A,1,A:201,first_shell,A:40,SER,40,2.489,23,21,aligned_substitution,donor_atoms=O
8FNR,A,1,A:201,first_shell,A:42,GLU,42,2.472,25,23,aligned_substitution,donor_atoms=OE1
8FNR,A,1,A:201,first_shell,A:45,GLU,45,2.57,28,26,aligned_substitution,"donor_atoms=OE1,OE2"
8FNR,A,1,A:201,second_sphere,A:35,LYS,35,5.358,18,16,aligned_match,
8FNR,A,1,A:201,second_sphere,A:37,ASN,37,5.932,20,18,aligned_substitution,
8FNR,A,1,A:201,second_sphere,A:39,ASP,39,5.588,22,20,aligned_substitution,
8FNR,A,1,A:201,second_sphere,A:41,LEU,41,4.412,24,22,aligned_match,
8FNR,A,1,A:201,solvent_contact,A:317,HOH,317,4.942,,,non_polymer,water_or_buffer
8FNR,A,1,A:201,solvent_contact,A:363,HOH,363,4.74,,,non_polymer,water_or_buffer
8FNR,A,2,A:202,first_shell,A:58,ASN,58,2.313,41,37,aligned_substitution,donor_atoms=OD1
8FNR,A,2,A:202,first_shell,A:60,ASP,60,2.44,43,39,aligned_match,"donor_atoms=OD1,OD2"
8FNR,A,2,A:202,first_shell,A:62,ASP,62,2.455,45,41,aligned_match,"donor_atoms=OD1,OD2"
8FNR,A,2,A:202,first_shell,A:64,THR,64,2.352,47,43,aligned_match,donor_atoms=O
8FNR,A,2,A:202,first_shell,A:66,GLU,66,2.305,49,45,aligned_substitution,donor_atoms=OE1
8FNR,A,2,A:202,first_shell,A:69,GLU,69,2.48,52,48,aligned_match,"donor_atoms=OE1,OE2"
8FNR,A,2,B:202,second_sphere,A:43,ILE,43,5.616,26,24,aligned_substitution,
8FNR,A,2,A:202,second_sphere,A:59,PRO,59,5.463,42,38,aligned_match,
8FNR,A,2,A:202,second_sphere,A:61,GLY,61,5.561,44,40,aligned_substitution,
8FNR,A,2,A:202,second_sphere,A:63,THR,63,5.605,46,42,aligned_substitution,
8FNR,A,2,A:202,second_sphere,A:65,LEU,65,4.351,48,44,aligned_match,
8FNR,A,2,B:202,second_sphere,A:100,ARG,100,4.501,83,79,aligned_substitution,
8FNR,A,2,A:202,solvent_contact,A:329,HOH,329,4.725,,,non_polymer,water_or_buffer
8FNR,A,2,A:202,solvent_contact,A:358,HOH,358,4.941,,,non_polymer,water_or_buffer
8FNR,A,2,A:202,solvent_contact,A:375,HOH,375,4.135,,,non_polymer,water_or_buffer
8FNR,A,3,A:203,first_shell,A:83,ASN,83,2.293,66,62,aligned_substitution,donor_atoms=OD1
8FNR,A,3,A:203,first_shell,A:85,ASP,85,2.43,68,64,aligned_match,"donor_atoms=OD1,OD2"
8FNR,A,3,A:203,first_shell,A:87,ASP,87,2.478,70,66,aligned_match,"donor_atoms=OD1,OD2"
8FNR,A,3,A:203,first_shell,A:89,THR,89,2.326,72,68,aligned_match,donor_atoms=O
8FNR,A,3,A:203,first_shell,A:91,GLU,91,2.324,74,70,aligned_substitution,donor_atoms=OE1
8FNR,A,3,A:203,first_shell,A:94,GLU,94,2.475,77,73,aligned_match,"donor_atoms=OE1,OE2"
8FNR,A,3,A:203,second_sphere,A:84,LYS,84,5.454,67,63,aligned_substitution,
8FNR,A,3,A:203,second_sphere,A:86,GLY,86,5.729,69,65,aligned_substitution,
8FNR,A,3,A:203,second_sphere,A:88,GLN,88,5.686,71,67,aligned_substitution,
8FNR,A,3,A:203,second_sphere,A:90,LEU,90,4.425,73,69,aligned_match,
8FNR,A,3,A:203,solvent_contact,A:314,HOH,314,4.776,,,non_polymer,water_or_buffer
8FNR,A,3,A:203,solvent_contact,A:342,HOH,342,6.0,,,non_polymer,water_or_buffer
8FNR,A,3,A:203,solvent_contact,A:345,HOH,345,4.922,,,non_polymer,water_or_buffer
8FNR,A,4,A:204,first_shell,A:107,ASP,107,2.376,90,86,aligned_substitution,donor_atoms=OD1
8FNR,A,4,A:204,first_shell,A:109,ASN,109,2.303,92,88,aligned_substitution,donor_atoms=OD1
8FNR,A,4,A:204,first_shell,A:111,ASP,111,2.391,94,90,aligned_match,donor_atoms=OD1
8FNR,A,4,A:204,first_shell,A:113,LYS,113,2.211,96,92,aligned_substitution,donor_atoms=O
8FNR,A,4,A:204,first_shell,A:118,GLU,118,2.383,101,97,aligned_match,"donor_atoms=OE1,OE2"
8FNR,A,4,A:204,second_sphere,A:106,ALA,106,5.802,89,85,aligned_match,
8FNR,A,4,A:204,second_sphere,A:108,ALA,108,4.87,91,87,aligned_substitution,
8FNR,A,4,A:204,second_sphere,A:110,LYS,110,4.836,93,89,aligned_substitution,
8FNR,A,4,A:204,second_sphere,A:112,GLY,112,4.996,95,91,aligned_match,
8FNR,A,4,A:204,second_sphere,A:114,LEU,114,4.37,97,93,aligned_substitution,
8FNR,A,4,A:204,second_sphere,A:115,THR,115,4.728,98,94,aligned_substitution,
8FNR,A,4,A:204,solvent_contact,A:313,HOH,313,4.181,,,non_polymer,water_or_buffer
8FNR,A,4,A:204,solvent_contact,A:368,HOH,368,4.926,,,non_polymer,water_or_buffer
8FNR,A,4,A:204,solvent_contact,A:405,HOH,405,2.315,,,non_polymer,water_or_buffer
8FNR,A,4,A:204,solvent_contact,A:454,HOH,454,5.969,,,non_polymer,water_or_buffer
8FNR,A,,,interchain_contact,A:31,LYS,31,4.514,14,13,aligned_substitution,partner_chains=D
8FNR,A,,,interchain_contact,A:35,LYS,35,3.631,18,16,aligned_match,partner_chains=D
8FNR,A,,,interchain_contact,A:43,ILE,43,4.036,26,24,aligned_substitution,partner_chains=B
8FNR,A,,,interchain_contact,A:44,ALA,44,3.69,27,25,aligned_match,partner_chains=B
8FNR,A,,,interchain_contact,A:45,GLU,45,4.963,28,26,aligned_substitution,partner_chains=B
8FNR,A,,,interchain_contact,A:47,ILE,47,3.924,30,,aligned_to_am1_gap,partner_chains=B
8FNR,A,,,interchain_contact,A:48,HIS,48,3.688,31,,aligned_to_am1_gap,partner_chains=B
8FNR,A,,,interchain_contact,A:51,ALA,51,4.131,34,30,aligned_substitution,partner_chains=B
8FNR,A,,,interchain_contact,A:55,THR,55,3.896,38,34,aligned_substitution,partner_chains=C
8FNR,A,,,interchain_contact,A:63,THR,63,3.598,46,42,aligned_substitution,partner_chains=B
8FNR,A,,,interchain_contact,A:64,THR,64,3.916,47,43,aligned_match,partner_chains=B
8FNR,A,,,interchain_contact,A:85,ASP,85,2.843,68,64,aligned_match,partner_chains=B
8FNR,A,,,interchain_contact,A:87,ASP,87,4.662,70,66,aligned_match,partner_chains=B
8FNR,A,,,interchain_contact,A:91,GLU,91,3.198,74,70,aligned_substitution,partner_chains=B
8FNR,A,,,interchain_contact,A:92,MET,92,3.266,75,71,aligned_substitution,partner_chains=B
8FNR,A,,,interchain_contact,A:93,ASP,93,2.689,76,72,aligned_substitution,partner_chains=B
8FNR,A,,,interchain_contact,A:94,GLU,94,3.453,77,73,aligned_match,partner_chains=B
8FNR,A,,,interchain_contact,A:96,LEU,96,3.626,79,75,aligned_match,partner_chains=B
8FNR,A,,,interchain_contact,A:97,LYS,97,4.7,80,76,aligned_substitution,partner_chains=B
8FNR,A,,,interchain_contact,A:100,ARG,100,2.653,83,79,aligned_substitution,partner_chains=B
8FNR,B,1,B:201,first_shell,B:58,ASN,58,2.297,41,37,aligned_substitution,donor_atoms=OD1
8FNR,B,1,B:201,first_shell,B:60,ASP,60,2.412,43,39,aligned_match,"donor_atoms=OD1,OD2"
8FNR,B,1,B:201,first_shell,B:62,ASP,62,2.44,45,41,aligned_match,"donor_atoms=OD1,OD2"
8FNR,B,1,B:201,first_shell,B:64,THR,64,2.358,47,43,aligned_match,donor_atoms=O
8FNR,B,1,B:201,first_shell,B:66,GLU,66,2.281,49,45,aligned_substitution,donor_atoms=OE1
8FNR,B,1,B:201,first_shell,B:69,GLU,69,2.484,52,48,aligned_match,"donor_atoms=OE1,OE2"
8FNR,B,1,B:201,second_sphere,B:59,PRO,59,5.52,42,38,aligned_match,
8FNR,B,1,B:201,second_sphere,B:61,GLY,61,5.679,44,40,aligned_substitution,
8FNR,B,1,B:201,second_sphere,B:63,THR,63,5.627,46,42,aligned_substitution,
8FNR,B,1,B:201,second_sphere,B:65,LEU,65,4.378,48,44,aligned_match,
8FNR,B,1,B:201,solvent_contact,B:320,HOH,320,4.723,,,non_polymer,water_or_buffer
8FNR,B,1,B:201,solvent_contact,B:363,HOH,363,5.014,,,non_polymer,water_or_buffer
8FNR,B,2,B:202,first_shell,B:83,ASN,83,2.3,66,62,aligned_substitution,donor_atoms=OD1
8FNR,B,2,B:202,first_shell,B:85,ASP,85,2.428,68,64,aligned_match,"donor_atoms=OD1,OD2"
8FNR,B,2,B:202,first_shell,B:87,ASP,87,2.453,70,66,aligned_match,"donor_atoms=OD1,OD2"
8FNR,B,2,B:202,first_shell,B:89,THR,89,2.353,72,68,aligned_match,donor_atoms=O
8FNR,B,2,B:202,first_shell,B:91,GLU,91,2.314,74,70,aligned_substitution,donor_atoms=OE1
8FNR,B,2,B:202,first_shell,B:94,GLU,94,2.477,77,73,aligned_match,"donor_atoms=OE1,OE2"
8FNR,B,2,B:202,second_sphere,B:84,LYS,84,5.389,67,63,aligned_substitution,
8FNR,B,2,B:202,second_sphere,B:86,GLY,86,5.749,69,65,aligned_substitution,
8FNR,B,2,B:202,second_sphere,B:88,GLN,88,5.71,71,67,aligned_substitution,
8FNR,B,2,B:202,second_sphere,B:90,LEU,90,4.431,73,69,aligned_match,
8FNR,B,2,B:202,solvent_contact,B:341,HOH,341,4.769,,,non_polymer,water_or_buffer
8FNR,B,2,B:202,solvent_contact,B:345,HOH,345,4.952,,,non_polymer,water_or_buffer
8FNR,B,3,B:203,first_shell,B:107,ASP,107,2.336,90,86,aligned_substitution,donor_atoms=OD1
8FNR,B,3,B:203,first_shell,B:109,ASN,109,2.336,92,88,aligned_substitution,donor_atoms=OD1
8FNR,B,3,B:203,first_shell,B:111,ASP,111,2.384,94,90,aligned_match,donor_atoms=OD1
8FNR,B,3,B:203,first_shell,B:113,LYS,113,2.293,96,92,aligned_substitution,donor_atoms=O
8FNR,B,3,B:203,first_shell,B:118,GLU,118,2.499,101,97,aligned_match,"donor_atoms=OE1,OE2"
8FNR,B,3,A:203,second_sphere,B:43,ILE,43,5.74,26,24,aligned_substitution,
8FNR,B,3,A:203,second_sphere,B:100,ARG,100,4.575,83,79,aligned_substitution,
8FNR,B,3,B:203,second_sphere,B:106,ALA,106,5.672,89,85,aligned_match,
8FNR,B,3,B:203,second_sphere,B:108,ALA,108,4.877,91,87,aligned_substitution,
8FNR,B,3,B:203,second_sphere,B:110,LYS,110,4.781,93,89,aligned_substitution,
8FNR,B,3,B:203,second_sphere,B:112,GLY,112,4.996,95,91,aligned_match,
8FNR,B,3,B:203,second_sphere,B:114,LEU,114,4.455,97,93,aligned_substitution,
8FNR,B,3,B:203,second_sphere,B:115,THR,115,4.916,98,94,aligned_substitution,
8FNR,B,3,B:203,solvent_contact,B:334,HOH,334,4.734,,,non_polymer,water_or_buffer
8FNR,B,3,B:203,solvent_contact,B:350,HOH,350,5.854,,,non_polymer,water_or_buffer
8FNR,B,3,B:203,solvent_contact,B:377,HOH,377,2.363,,,non_polymer,water_or_buffer
8FNR,B,,,interchain_contact,B:24,ALA,24,4.472,7,7,aligned_substitution,partner_chains=C
8FNR,B,,,interchain_contact,B:28,ASP,28,4.288,11,,aligned_to_am1_gap,partner_chains=C
8FNR,B,,,interchain_contact,B:32,ALA,32,4.694,15,14,aligned_substitution,partner_chains=C
8FNR,B,,,interchain_contact,B:43,ILE,43,3.967,26,24,aligned_substitution,partner_chains=A
8FNR,B,,,interchain_contact,B:44,ALA,44,3.904,27,25,aligned_match,partner_chains=A
8FNR,B,,,interchain_contact,B:47,ILE,47,3.816,30,,aligned_to_am1_gap,partner_chains=A
8FNR,B,,,interchain_contact,B:48,HIS,48,3.598,31,,aligned_to_am1_gap,"partner_chains=A,C"
8FNR,B,,,interchain_contact,B:51,ALA,51,3.98,34,30,aligned_substitution,partner_chains=A
8FNR,B,,,interchain_contact,B:52,THR,52,3.382,35,31,aligned_substitution,partner_chains=C
8FNR,B,,,interchain_contact,B:55,THR,55,4.439,38,34,aligned_substitution,partner_chains=C
8FNR,B,,,interchain_contact,B:56,ALA,56,3.263,39,35,aligned_substitution,partner_chains=C
8FNR,B,,,interchain_contact,B:59,PRO,59,3.696,42,38,aligned_match,"partner_chains=C,D"
8FNR,B,,,interchain_contact,B:60,ASP,60,3.975,43,39,aligned_match,partner_chains=D
8FNR,B,,,interchain_contact,B:61,GLY,61,4.114,44,40,aligned_substitution,partner_chains=D
8FNR,B,,,interchain_contact,B:63,THR,63,3.688,46,42,aligned_substitution,partner_chains=A
8FNR,B,,,interchain_contact,B:64,THR,64,3.748,47,43,aligned_match,partner_chains=A
8FNR,B,,,interchain_contact,B:73,ARG,73,4.656,56,52,aligned_match,partner_chains=C
8FNR,B,,,interchain_contact,B:85,ASP,85,2.883,68,64,aligned_match,partner_chains=A
8FNR,B,,,interchain_contact,B:87,ASP,87,4.568,70,66,aligned_match,partner_chains=A
8FNR,B,,,interchain_contact,B:91,GLU,91,3.201,74,70,aligned_substitution,partner_chains=A
8FNR,B,,,interchain_contact,B:92,MET,92,3.266,75,71,aligned_substitution,partner_chains=A
8FNR,B,,,interchain_contact,B:93,ASP,93,2.653,76,72,aligned_substitution,partner_chains=A
8FNR,B,,,interchain_contact,B:94,GLU,94,3.323,77,73,aligned_match,partner_chains=A
8FNR,B,,,interchain_contact,B:96,LEU,96,3.569,79,75,aligned_match,partner_chains=A
8FNR,B,,,interchain_contact,B:97,LYS,97,4.964,80,76,aligned_substitution,partner_chains=A
8FNR,B,,,interchain_contact,B:100,ARG,100,2.689,83,79,aligned_substitution,partner_chains=A
8FNR,B,,,interchain_contact,B:133,LYS,133,3.353,116,111,aligned_substitution,partner_chains=C
8FNR,C,1,C:201,first_shell,C:58,ASN,58,2.296,41,37,aligned_substitution,donor_atoms=OD1
8FNR,C,1,C:201,first_shell,C:60,ASP,60,2.401,43,39,aligned_match,"donor_atoms=OD1,OD2"
8FNR,C,1,C:201,first_shell,C:62,ASP,62,2.383,45,41,aligned_match,"donor_atoms=OD1,OD2"
8FNR,C,1,C:201,first_shell,C:64,THR,64,2.344,47,43,aligned_match,donor_atoms=O
8FNR,C,1,C:201,first_shell,C:66,GLU,66,2.303,49,45,aligned_substitution,donor_atoms=OE1
8FNR,C,1,C:201,first_shell,C:69,GLU,69,2.385,52,48,aligned_match,"donor_atoms=OE1,OE2"
8FNR,C,1,C:201,second_sphere,C:59,PRO,59,5.458,42,38,aligned_match,
8FNR,C,1,C:201,second_sphere,C:61,GLY,61,5.68,44,40,aligned_substitution,
8FNR,C,1,C:201,second_sphere,C:63,THR,63,5.594,46,42,aligned_substitution,
8FNR,C,1,C:201,second_sphere,C:65,LEU,65,4.347,48,44,aligned_match,
8FNR,C,1,C:201,solvent_contact,C:324,HOH,324,5.806,,,non_polymer,water_or_buffer
8FNR,C,1,C:201,solvent_contact,C:342,HOH,342,4.96,,,non_polymer,water_or_buffer
8FNR,C,1,C:201,solvent_contact,C:366,HOH,366,4.134,,,non_polymer,water_or_buffer
8FNR,C,1,C:201,solvent_contact,C:385,HOH,385,4.827,,,non_polymer,water_or_buffer
8FNR,C,1,C:201,solvent_contact,C:427,HOH,427,5.721,,,non_polymer,water_or_buffer
8FNR,C,2,C:202,first_shell,C:83,ASN,83,2.29,66,62,aligned_substitution,donor_atoms=OD1
8FNR,C,2,C:202,first_shell,C:85,ASP,85,2.488,68,64,aligned_match,"donor_atoms=OD1,OD2"
8FNR,C,2,C:202,first_shell,C:87,ASP,87,2.419,70,66,aligned_match,"donor_atoms=OD1,OD2"
8FNR,C,2,C:202,first_shell,C:89,THR,89,2.397,72,68,aligned_match,donor_atoms=O
8FNR,C,2,C:202,first_shell,C:91,GLU,91,2.338,74,70,aligned_substitution,donor_atoms=OE1
8FNR,C,2,C:202,first_shell,C:94,GLU,94,2.493,77,73,aligned_match,"donor_atoms=OE1,OE2"
8FNR,C,2,C:202,second_sphere,C:84,LYS,84,5.37,67,63,aligned_substitution,
8FNR,C,2,C:202,second_sphere,C:86,GLY,86,5.774,69,65,aligned_substitution,
8FNR,C,2,C:202,second_sphere,C:88,GLN,88,5.678,71,67,aligned_substitution,
8FNR,C,2,C:202,second_sphere,C:90,LEU,90,4.481,73,69,aligned_match,
8FNR,C,2,C:202,solvent_contact,C:319,HOH,319,5.918,,,non_polymer,water_or_buffer
8FNR,C,2,C:202,solvent_contact,C:361,HOH,361,5.034,,,non_polymer,water_or_buffer
8FNR,C,2,C:202,solvent_contact,C:377,HOH,377,4.811,,,non_polymer,water_or_buffer
8FNR,C,3,C:203,first_shell,C:107,ASP,107,2.526,90,86,aligned_substitution,donor_atoms=OD1
8FNR,C,3,C:203,first_shell,C:109,ASN,109,2.295,92,88,aligned_substitution,donor_atoms=OD1
8FNR,C,3,C:203,first_shell,C:111,ASP,111,2.372,94,90,aligned_match,donor_atoms=OD1
8FNR,C,3,C:203,first_shell,C:113,LYS,113,2.203,96,92,aligned_substitution,donor_atoms=O
8FNR,C,3,C:203,first_shell,C:118,GLU,118,2.502,101,97,aligned_match,"donor_atoms=OE1,OE2"
8FNR,C,3,D:203,second_sphere,C:100,ARG,100,4.554,83,79,aligned_substitution,
8FNR,C,3,C:203,second_sphere,C:106,ALA,106,5.725,89,85,aligned_match,
8FNR,C,3,C:203,second_sphere,C:108,ALA,108,4.799,91,87,aligned_substitution,
8FNR,C,3,C:203,second_sphere,C:110,LYS,110,4.731,93,89,aligned_substitution,
8FNR,C,3,C:203,second_sphere,C:112,GLY,112,4.967,95,91,aligned_match,
8FNR,C,3,C:203,second_sphere,C:114,LEU,114,4.384,97,93,aligned_substitution,
8FNR,C,3,C:203,second_sphere,C:115,THR,115,4.864,98,94,aligned_substitution,
8FNR,C,3,C:203,solvent_contact,C:312,HOH,312,5.737,,,non_polymer,water_or_buffer
8FNR,C,3,C:203,solvent_contact,C:341,HOH,341,2.354,,,non_polymer,water_or_buffer
8FNR,C,3,C:203,solvent_contact,C:355,HOH,355,4.722,,,non_polymer,water_or_buffer
8FNR,C,3,C:203,solvent_contact,C:410,HOH,410,4.954,,,non_polymer,water_or_buffer
8FNR,C,,,interchain_contact,C:28,ASP,28,4.288,11,,aligned_to_am1_gap,partner_chains=B
8FNR,C,,,interchain_contact,C:31,LYS,31,4.971,14,13,aligned_substitution,partner_chains=B
8FNR,C,,,interchain_contact,C:32,ALA,32,3.353,15,14,aligned_substitution,partner_chains=B
8FNR,C,,,interchain_contact,C:33,LEU,33,3.955,16,15,aligned_substitution,partner_chains=B
8FNR,C,,,interchain_contact,C:43,ILE,43,4.538,26,24,aligned_substitution,partner_chains=D
8FNR,C,,,interchain_contact,C:44,ALA,44,3.716,27,25,aligned_match,partner_chains=D
8FNR,C,,,interchain_contact,C:45,GLU,45,4.911,28,26,aligned_substitution,partner_chains=D
8FNR,C,,,interchain_contact,C:47,ILE,47,4.005,30,,aligned_to_am1_gap,partner_chains=D
8FNR,C,,,interchain_contact,C:48,HIS,48,3.604,31,,aligned_to_am1_gap,"partner_chains=B,D"
8FNR,C,,,interchain_contact,C:49,ALA,49,3.83,32,28,aligned_match,partner_chains=B
8FNR,C,,,interchain_contact,C:51,ALA,51,3.87,34,30,aligned_substitution,partner_chains=D
8FNR,C,,,interchain_contact,C:52,THR,52,3.263,35,31,aligned_substitution,partner_chains=B
8FNR,C,,,interchain_contact,C:53,THR,53,4.523,36,32,aligned_substitution,partner_chains=B
8FNR,C,,,interchain_contact,C:55,THR,55,4.439,38,34,aligned_substitution,partner_chains=B
8FNR,C,,,interchain_contact,C:56,ALA,56,3.382,39,35,aligned_substitution,partner_chains=B
8FNR,C,,,interchain_contact,C:59,PRO,59,3.896,42,38,aligned_match,"partner_chains=A,B"
8FNR,C,,,interchain_contact,C:60,ASP,60,4.517,43,39,aligned_match,partner_chains=A
8FNR,C,,,interchain_contact,C:61,GLY,61,4.522,44,40,aligned_substitution,partner_chains=A
8FNR,C,,,interchain_contact,C:63,THR,63,3.627,46,42,aligned_substitution,partner_chains=D
8FNR,C,,,interchain_contact,C:64,THR,64,3.613,47,43,aligned_match,partner_chains=D
8FNR,C,,,interchain_contact,C:85,ASP,85,2.822,68,64,aligned_match,partner_chains=D
8FNR,C,,,interchain_contact,C:87,ASP,87,4.551,70,66,aligned_match,partner_chains=D
8FNR,C,,,interchain_contact,C:91,GLU,91,3.207,74,70,aligned_substitution,partner_chains=D
8FNR,C,,,interchain_contact,C:92,MET,92,3.11,75,71,aligned_substitution,partner_chains=D
8FNR,C,,,interchain_contact,C:93,ASP,93,2.67,76,72,aligned_substitution,partner_chains=D
8FNR,C,,,interchain_contact,C:94,GLU,94,3.343,77,73,aligned_match,partner_chains=D
8FNR,C,,,interchain_contact,C:96,LEU,96,3.591,79,75,aligned_match,partner_chains=D
8FNR,C,,,interchain_contact,C:97,LYS,97,4.724,80,76,aligned_substitution,partner_chains=D
8FNR,C,,,interchain_contact,C:100,ARG,100,2.661,83,79,aligned_substitution,partner_chains=D
8FNR,C,,,interchain_contact,C:131,ILE,131,3.551,114,109,aligned_substitution,partner_chains=B
8FNR,C,,,interchain_contact,C:132,MET,132,4.761,115,110,aligned_substitution,partner_chains=B
8FNR,C,,,interchain_contact,C:133,LYS,133,3.762,116,111,aligned_substitution,partner_chains=B
8FNR,D,1,D:201,first_shell,D:40,SER,40,2.495,23,21,aligned_substitution,donor_atoms=O
8FNR,D,1,D:201,first_shell,D:42,GLU,42,2.286,25,23,aligned_substitution,donor_atoms=OE1
8FNR,D,1,D:201,first_shell,D:45,GLU,45,2.335,28,26,aligned_substitution,"donor_atoms=OE1,OE2"
8FNR,D,1,D:201,second_sphere,D:39,ASP,39,5.752,22,20,aligned_substitution,
8FNR,D,1,D:201,second_sphere,D:41,LEU,41,4.204,24,22,aligned_match,
8FNR,D,2,D:202,first_shell,D:58,ASN,58,2.281,41,37,aligned_substitution,donor_atoms=OD1
8FNR,D,2,D:202,first_shell,D:60,ASP,60,2.42,43,39,aligned_match,"donor_atoms=OD1,OD2"
8FNR,D,2,D:202,first_shell,D:62,ASP,62,2.451,45,41,aligned_match,"donor_atoms=OD1,OD2"
8FNR,D,2,D:202,first_shell,D:64,THR,64,2.352,47,43,aligned_match,donor_atoms=O
8FNR,D,2,D:202,first_shell,D:66,GLU,66,2.295,49,45,aligned_substitution,donor_atoms=OE1
8FNR,D,2,D:202,first_shell,D:69,GLU,69,2.461,52,48,aligned_match,"donor_atoms=OE1,OE2"
8FNR,D,2,C:202,second_sphere,D:43,ILE,43,5.58,26,24,aligned_substitution,
8FNR,D,2,D:202,second_sphere,D:59,PRO,59,5.338,42,38,aligned_match,
8FNR,D,2,D:202,second_sphere,D:61,GLY,61,5.688,44,40,aligned_substitution,
8FNR,D,2,D:202,second_sphere,D:63,THR,63,5.564,46,42,aligned_substitution,
8FNR,D,2,D:202,second_sphere,D:65,LEU,65,4.313,48,44,aligned_match,
8FNR,D,2,C:202,second_sphere,D:100,ARG,100,4.49,83,79,aligned_substitution,
8FNR,D,2,D:202,solvent_contact,D:310,HOH,310,4.721,,,non_polymer,water_or_buffer
8FNR,D,2,D:202,solvent_contact,D:334,HOH,334,5.939,,,non_polymer,water_or_buffer
8FNR,D,2,D:202,solvent_contact,D:342,HOH,342,4.698,,,non_polymer,water_or_buffer
8FNR,D,2,D:202,solvent_contact,D:351,HOH,351,5.866,,,non_polymer,water_or_buffer
8FNR,D,3,D:203,first_shell,D:83,ASN,83,2.307,66,62,aligned_substitution,donor_atoms=OD1
8FNR,D,3,D:203,first_shell,D:85,ASP,85,2.394,68,64,aligned_match,"donor_atoms=OD1,OD2"
8FNR,D,3,D:203,first_shell,D:87,ASP,87,2.44,70,66,aligned_match,"donor_atoms=OD1,OD2"
8FNR,D,3,D:203,first_shell,D:89,THR,89,2.371,72,68,aligned_match,donor_atoms=O
8FNR,D,3,D:203,first_shell,D:91,GLU,91,2.33,74,70,aligned_substitution,donor_atoms=OE1
8FNR,D,3,D:203,first_shell,D:94,GLU,94,2.449,77,73,aligned_match,"donor_atoms=OE1,OE2"
8FNR,D,3,D:203,second_sphere,D:84,LYS,84,5.435,67,63,aligned_substitution,
8FNR,D,3,D:203,second_sphere,D:86,GLY,86,5.692,69,65,aligned_substitution,
8FNR,D,3,D:203,second_sphere,D:88,GLN,88,5.651,71,67,aligned_substitution,
8FNR,D,3,D:203,second_sphere,D:90,LEU,90,4.433,73,69,aligned_match,
8FNR,D,3,D:203,solvent_contact,D:327,HOH,327,4.902,,,non_polymer,water_or_buffer
8FNR,D,3,D:203,solvent_contact,D:346,HOH,346,4.927,,,non_polymer,water_or_buffer
8FNR,D,3,D:203,solvent_contact,D:355,HOH,355,5.142,,,non_polymer,water_or_buffer
8FNR,D,4,D:204,first_shell,D:107,ASP,107,3.171,90,86,aligned_substitution,donor_atoms=OD1
8FNR,D,4,D:204,first_shell,D:109,ASN,109,3.159,92,88,aligned_substitution,donor_atoms=ND2
8FNR,D,4,D:204,first_shell,D:111,ASP,111,2.709,94,90,aligned_match,donor_atoms=OD1
8FNR,D,4,D:204,first_shell,D:113,LYS,113,2.278,96,92,aligned_substitution,donor_atoms=O
8FNR,D,4,D:204,first_shell,D:118,GLU,118,2.435,101,97,aligned_match,"donor_atoms=OE1,OE2"
8FNR,D,4,D:204,second_sphere,D:106,ALA,106,5.29,89,85,aligned_match,
8FNR,D,4,D:204,second_sphere,D:108,ALA,108,4.365,91,87,aligned_substitution,
8FNR,D,4,D:204,second_sphere,D:110,LYS,110,4.538,93,89,aligned_substitution,
8FNR,D,4,D:204,second_sphere,D:112,GLY,112,5.142,95,91,aligned_match,
8FNR,D,4,D:204,second_sphere,D:114,LEU,114,4.438,97,93,aligned_substitution,
8FNR,D,4,D:204,second_sphere,D:115,THR,115,4.883,98,94,aligned_substitution,
8FNR,D,4,D:204,solvent_contact,D:309,HOH,309,5.684,,,non_polymer,water_or_buffer
8FNR,D,4,D:204,solvent_contact,D:352,HOH,352,2.803,,,non_polymer,water_or_buffer
8FNR,D,,,interchain_contact,D:31,LYS,31,4.514,14,13,aligned_substitution,partner_chains=A
8FNR,D,,,interchain_contact,D:32,ALA,32,3.631,15,14,aligned_substitution,partner_chains=A
8FNR,D,,,interchain_contact,D:43,ILE,43,3.967,26,24,aligned_substitution,partner_chains=C
8FNR,D,,,interchain_contact,D:44,ALA,44,3.613,27,25,aligned_match,partner_chains=C
8FNR,D,,,interchain_contact,D:45,GLU,45,4.866,28,26,aligned_substitution,partner_chains=C
8FNR,D,,,interchain_contact,D:47,ILE,47,3.918,30,,aligned_to_am1_gap,partner_chains=C
8FNR,D,,,interchain_contact,D:48,HIS,48,3.627,31,,aligned_to_am1_gap,partner_chains=C
8FNR,D,,,interchain_contact,D:51,ALA,51,3.894,34,30,aligned_substitution,partner_chains=C
8FNR,D,,,interchain_contact,D:55,THR,55,3.696,38,34,aligned_substitution,partner_chains=B
8FNR,D,,,interchain_contact,D:63,THR,63,3.604,46,42,aligned_substitution,partner_chains=C
8FNR,D,,,interchain_contact,D:64,THR,64,3.881,47,43,aligned_match,partner_chains=C
8FNR,D,,,interchain_contact,D:85,ASP,85,2.899,68,64,aligned_match,partner_chains=C
8FNR,D,,,interchain_contact,D:91,GLU,91,3.145,74,70,aligned_substitution,partner_chains=C
8FNR,D,,,interchain_contact,D:92,MET,92,3.11,75,71,aligned_substitution,partner_chains=C
8FNR,D,,,interchain_contact,D:93,ASP,93,2.661,76,72,aligned_substitution,partner_chains=C
8FNR,D,,,interchain_contact,D:94,GLU,94,3.465,77,73,aligned_match,partner_chains=C
8FNR,D,,,interchain_contact,D:96,LEU,96,3.555,79,75,aligned_match,partner_chains=C
8FNR,D,,,interchain_contact,D:97,LYS,97,4.707,80,76,aligned_substitution,partner_chains=C
8FNR,D,,,interchain_contact,D:100,ARG,100,2.67,83,79,aligned_substitution,partner_chains=C
