structure_id,metal_site_id,metal_element,shell_type,chain_id,residue_name,residue_seq,atom_name,atom_serial,element,record_type,distance_A,is_water
8FNS,8FNS_A_ND_201_-,ND,first_shell,A,ASP,35,OD1,51,O,ATOM,2.388,False
8FNS,8FNS_A_ND_201_-,ND,first_shell,A,ASP,39,OD1,83,O,ATOM,2.41,False
8FNS,8FNS_A_ND_201_-,ND,first_shell,A,HOH,326,O,824,O,HETATM,2.423,True
8FNS,8FNS_A_ND_201_-,ND,first_shell,A,ASP,37,OD1,66,O,ATOM,2.468,False
8FNS,8FNS_A_ND_201_-,ND,first_shell,A,THR,41,O,92,O,ATOM,2.5,False
8FNS,8FNS_A_ND_201_-,ND,first_shell,A,HOH,345,O,843,O,HETATM,2.511,True
8FNS,8FNS_A_ND_201_-,ND,first_shell,A,GLU,46,OE1,136,O,ATOM,2.534,False
8FNS,8FNS_A_ND_201_-,ND,first_shell,A,GLU,46,OE2,137,O,ATOM,2.582,False
8FNS,8FNS_A_ND_201_-,ND,first_shell,A,ASP,39,OD2,84,O,ATOM,2.763,False
8FNS,8FNS_A_ND_201_-,ND,second_sphere,A,ASP,43,N,104,N,ATOM,4.462,False
8FNS,8FNS_A_ND_201_-,ND,second_sphere,A,ILE,42,N,96,N,ATOM,4.481,False
8FNS,8FNS_A_ND_201_-,ND,second_sphere,A,HOH,422,O,920,O,HETATM,4.503,True
8FNS,8FNS_A_ND_201_-,ND,second_sphere,A,HOH,387,O,885,O,HETATM,4.904,True
8FNS,8FNS_A_ND_201_-,ND,second_sphere,A,LYS,38,N,68,N,ATOM,4.976,False
8FNS,8FNS_A_ND_201_-,ND,second_sphere,A,GLY,40,N,85,N,ATOM,5.131,False
8FNS,8FNS_A_ND_201_-,ND,second_sphere,A,PRO,36,N,53,N,ATOM,5.288,False
8FNS,8FNS_A_ND_201_-,ND,second_sphere,A,PHE,34,O,37,O,ATOM,5.47,False
8FNS,8FNS_A_ND_201_-,ND,second_sphere,A,HOH,414,O,912,O,HETATM,5.576,True
8FNS,8FNS_A_ND_201_-,ND,second_sphere,A,HOH,339,O,837,O,HETATM,5.625,True
8FNS,8FNS_A_ND_201_-,ND,second_sphere,A,HOH,346,O,844,O,HETATM,5.862,True
8FNS,8FNS_A_ND_202_-,ND,first_shell,A,ASP,59,OD1,226,O,ATOM,2.415,False
8FNS,8FNS_A_ND_202_-,ND,first_shell,A,ASP,63,OD1,258,O,ATOM,2.436,False
8FNS,8FNS_A_ND_202_-,ND,first_shell,A,THR,65,O,267,O,ATOM,2.525,False
8FNS,8FNS_A_ND_202_-,ND,first_shell,A,HOH,322,O,820,O,HETATM,2.532,True
8FNS,8FNS_A_ND_202_-,ND,first_shell,A,GLU,70,OE2,309,O,ATOM,2.559,False
8FNS,8FNS_A_ND_202_-,ND,first_shell,A,GLU,70,OE1,308,O,ATOM,2.565,False
8FNS,8FNS_A_ND_202_-,ND,first_shell,A,HOH,328,O,826,O,HETATM,2.605,True
8FNS,8FNS_A_ND_202_-,ND,first_shell,A,ASP,61,OD1,241,O,ATOM,2.615,False
8FNS,8FNS_A_ND_202_-,ND,first_shell,A,ASP,63,OD2,259,O,ATOM,2.641,False
8FNS,8FNS_A_ND_202_-,ND,second_sphere,A,LEU,66,CA,272,C,ATOM,4.496,False
8FNS,8FNS_A_ND_202_-,ND,second_sphere,A,HOH,312,O,810,O,HETATM,4.659,True
8FNS,8FNS_A_ND_202_-,ND,second_sphere,A,HOH,319,O,817,O,HETATM,4.919,True
8FNS,8FNS_A_ND_202_-,ND,second_sphere,A,ASP,67,N,279,N,ATOM,4.925,False
8FNS,8FNS_A_ND_202_-,ND,second_sphere,A,GLY,64,N,260,N,ATOM,5.237,False
8FNS,8FNS_A_ND_202_-,ND,second_sphere,A,LYS,62,N,243,N,ATOM,5.262,False
8FNS,8FNS_A_ND_202_-,ND,second_sphere,A,HOH,428,O,926,O,HETATM,5.473,True
8FNS,8FNS_A_ND_202_-,ND,second_sphere,A,LEU,58,O,215,O,ATOM,5.529,False
8FNS,8FNS_A_ND_202_-,ND,second_sphere,A,PRO,60,N,228,N,ATOM,5.682,False
8FNS,8FNS_A_ND_202_-,ND,second_sphere,A,HOH,361,O,859,O,HETATM,5.99,True
8FNS,8FNS_A_ND_203_-,ND,first_shell,A,ASP,84,OD1,417,O,ATOM,2.351,False
8FNS,8FNS_A_ND_203_-,ND,first_shell,A,HOH,320,O,818,O,HETATM,2.426,True
8FNS,8FNS_A_ND_203_-,ND,first_shell,A,ASP,88,OD1,448,O,ATOM,2.454,False
8FNS,8FNS_A_ND_203_-,ND,first_shell,A,HOH,331,O,829,O,HETATM,2.483,True
8FNS,8FNS_A_ND_203_-,ND,first_shell,A,ASP,86,OD1,432,O,ATOM,2.488,False
8FNS,8FNS_A_ND_203_-,ND,first_shell,A,THR,90,O,457,O,ATOM,2.528,False
8FNS,8FNS_A_ND_203_-,ND,first_shell,A,GLU,95,OE1,502,O,ATOM,2.543,False
8FNS,8FNS_A_ND_203_-,ND,first_shell,A,GLU,95,OE2,503,O,ATOM,2.63,False
8FNS,8FNS_A_ND_203_-,ND,first_shell,A,ASP,88,OD2,449,O,ATOM,2.675,False
8FNS,8FNS_A_ND_203_-,ND,second_sphere,A,LEU,91,CA,462,C,ATOM,4.516,False
8FNS,8FNS_A_ND_203_-,ND,second_sphere,A,HOH,434,O,932,O,HETATM,4.62,True
8FNS,8FNS_A_ND_203_-,ND,second_sphere,A,ASP,92,N,469,N,ATOM,4.659,False
8FNS,8FNS_A_ND_203_-,ND,second_sphere,A,HOH,373,O,871,O,HETATM,4.926,True
8FNS,8FNS_A_ND_203_-,ND,second_sphere,A,HOH,358,O,856,O,HETATM,5.099,True
8FNS,8FNS_A_ND_203_-,ND,second_sphere,A,ASN,87,N,434,N,ATOM,5.12,False
8FNS,8FNS_A_ND_203_-,ND,second_sphere,A,GLY,89,N,450,N,ATOM,5.274,False
8FNS,8FNS_A_ND_203_-,ND,second_sphere,A,PRO,85,N,419,N,ATOM,5.416,False
8FNS,8FNS_A_ND_203_-,ND,second_sphere,A,HOH,311,O,809,O,HETATM,5.419,True
8FNS,8FNS_A_ND_203_-,ND,second_sphere,A,HOH,338,O,836,O,HETATM,5.516,True
8FNS,8FNS_A_ND_204_-,ND,first_shell,A,ASN,108,OD1,612,O,ATOM,2.445,False
8FNS,8FNS_A_ND_204_-,ND,first_shell,A,HOH,342,O,840,O,HETATM,2.47,True
8FNS,8FNS_A_ND_204_-,ND,first_shell,A,GLU,119,OE2,696,O,ATOM,2.495,False
8FNS,8FNS_A_ND_204_-,ND,first_shell,A,HOH,337,O,835,O,HETATM,2.499,True
8FNS,8FNS_A_ND_204_-,ND,first_shell,A,THR,114,O,652,O,ATOM,2.502,False
8FNS,8FNS_A_ND_204_-,ND,first_shell,A,ASP,112,OD1,643,O,ATOM,2.513,False
8FNS,8FNS_A_ND_204_-,ND,first_shell,A,GLU,119,OE1,695,O,ATOM,2.56,False
8FNS,8FNS_A_ND_204_-,ND,first_shell,A,ASP,112,OD2,644,O,ATOM,2.601,False
8FNS,8FNS_A_ND_204_-,ND,first_shell,A,ASP,110,OD2,628,O,ATOM,2.63,False
8FNS,8FNS_A_ND_204_-,ND,first_shell,A,ASP,110,OD1,627,O,ATOM,2.663,False
8FNS,8FNS_A_ND_204_-,ND,second_sphere,A,HOH,316,O,814,O,HETATM,4.468,True
8FNS,8FNS_A_ND_204_-,ND,second_sphere,A,HOH,310,O,808,O,HETATM,4.557,True
8FNS,8FNS_A_ND_204_-,ND,second_sphere,A,ILE,115,CA,657,C,ATOM,4.559,False
8FNS,8FNS_A_ND_204_-,ND,second_sphere,A,ASP,116,OD2,671,O,ATOM,4.736,False
8FNS,8FNS_A_ND_204_-,ND,second_sphere,A,ASN,111,N,629,N,ATOM,5.53,False
8FNS,8FNS_A_ND_204_-,ND,second_sphere,A,GLY,113,N,645,N,ATOM,5.57,False
8FNS,8FNS_A_ND_204_-,ND,second_sphere,A,HOH,348,O,846,O,HETATM,5.623,True
8FNS,8FNS_A_ND_204_-,ND,second_sphere,A,ARG,118,NH2,687,N,ATOM,5.69,False
8DQ2,8DQ2_A_LA_201_-,LA,first_shell,A,ASP,36,OD1,87,O,ATOM,2.469,False
8DQ2,8DQ2_A_LA_201_-,LA,first_shell,A,ASN,34,OD1,70,O,ATOM,2.47,False
8DQ2,8DQ2_A_LA_201_-,LA,first_shell,A,GLU,42,OE1,134,O,ATOM,2.503,False
8DQ2,8DQ2_A_LA_201_-,LA,first_shell,A,ASP,38,OD2,104,O,ATOM,2.508,False
8DQ2,8DQ2_A_LA_201_-,LA,first_shell,A,SER,40,O,116,O,ATOM,2.558,False
8DQ2,8DQ2_A_LA_201_-,LA,first_shell,A,ASP,38,OD1,103,O,ATOM,2.583,False
8DQ2,8DQ2_A_LA_201_-,LA,first_shell,A,ASP,36,OD2,88,O,ATOM,2.584,False
8DQ2,8DQ2_A_LA_201_-,LA,first_shell,A,GLU,45,OE2,157,O,ATOM,2.593,False
8DQ2,8DQ2_A_LA_201_-,LA,first_shell,A,GLU,42,OE2,135,O,ATOM,2.659,False
8DQ2,8DQ2_A_LA_201_-,LA,first_shell,A,GLU,45,OE1,156,O,ATOM,2.74,False
8DQ2,8DQ2_A_LA_201_-,LA,second_sphere,A,LEU,41,CA,120,C,ATOM,4.345,False
8DQ2,8DQ2_A_LA_201_-,LA,second_sphere,A,HOH,304,O,3386,O,HETATM,4.83,True
8DQ2,8DQ2_A_LA_201_-,LA,second_sphere,A,HOH,308,O,3390,O,HETATM,5.082,True
8DQ2,8DQ2_A_LA_201_-,LA,second_sphere,A,LYS,35,N,72,N,ATOM,5.449,False
8DQ2,8DQ2_A_LA_201_-,LA,second_sphere,A,ASP,39,N,105,N,ATOM,5.647,False
8DQ2,8DQ2_A_LA_201_-,LA,second_sphere,A,HOH,314,O,3396,O,HETATM,5.732,True
8DQ2,8DQ2_A_LA_201_-,LA,second_sphere,A,ASN,37,N,89,N,ATOM,5.836,False
8DQ2,8DQ2_A_LA_202_-,LA,first_shell,A,ASN,58,OD1,248,O,ATOM,2.453,False
8DQ2,8DQ2_A_LA_202_-,LA,first_shell,A,ASP,62,OD1,275,O,ATOM,2.473,False
8DQ2,8DQ2_A_LA_202_-,LA,first_shell,A,ASP,60,OD2,264,O,ATOM,2.512,False
8DQ2,8DQ2_A_LA_202_-,LA,first_shell,A,ASP,60,OD1,263,O,ATOM,2.556,False
8DQ2,8DQ2_A_LA_202_-,LA,first_shell,A,ASP,62,OD2,276,O,ATOM,2.572,False
8DQ2,8DQ2_A_LA_202_-,LA,first_shell,A,THR,64,O,287,O,ATOM,2.6,False
8DQ2,8DQ2_A_LA_202_-,LA,first_shell,A,GLU,66,OE1,306,O,ATOM,2.607,False
8DQ2,8DQ2_A_LA_202_-,LA,first_shell,A,GLU,69,OE1,325,O,ATOM,2.688,False
8DQ2,8DQ2_A_LA_202_-,LA,first_shell,A,GLU,66,OE2,307,O,ATOM,2.726,False
8DQ2,8DQ2_A_LA_202_-,LA,first_shell,A,GLU,69,OE2,326,O,ATOM,2.736,False
8DQ2,8DQ2_A_LA_202_-,LA,second_sphere,A,LEU,65,CA,292,C,ATOM,4.362,False
8DQ2,8DQ2_A_LA_202_-,LA,second_sphere,A,HOH,359,O,3441,O,HETATM,4.809,True
8DQ2,8DQ2_A_LA_202_-,LA,second_sphere,A,HOH,324,O,3406,O,HETATM,5.139,True
8DQ2,8DQ2_A_LA_202_-,LA,second_sphere,A,PRO,59,CD,256,C,ATOM,5.342,False
8DQ2,8DQ2_A_LA_202_-,LA,second_sphere,A,THR,63,N,277,N,ATOM,5.587,False
8DQ2,8DQ2_A_LA_202_-,LA,second_sphere,A,GLY,61,N,265,N,ATOM,5.648,False
8DQ2,8DQ2_A_LA_202_-,LA,second_sphere,A,HOH,306,O,3388,O,HETATM,5.898,True
8DQ2,8DQ2_A_LA_203_-,LA,first_shell,A,ASN,83,OD1,440,O,ATOM,2.452,False
8DQ2,8DQ2_A_LA_203_-,LA,first_shell,A,GLU,94,OE2,528,O,ATOM,2.54,False
8DQ2,8DQ2_A_LA_203_-,LA,first_shell,A,ASP,87,OD1,469,O,ATOM,2.541,False
8DQ2,8DQ2_A_LA_203_-,LA,first_shell,A,GLU,91,OE1,502,O,ATOM,2.595,False
8DQ2,8DQ2_A_LA_203_-,LA,first_shell,A,ASP,85,OD2,458,O,ATOM,2.598,False
8DQ2,8DQ2_A_LA_203_-,LA,first_shell,A,THR,89,O,483,O,ATOM,2.65,False
8DQ2,8DQ2_A_LA_203_-,LA,first_shell,A,GLU,94,OE1,527,O,ATOM,2.652,False
8DQ2,8DQ2_A_LA_203_-,LA,first_shell,A,GLU,91,OE2,503,O,ATOM,2.654,False
8DQ2,8DQ2_A_LA_203_-,LA,first_shell,A,ASP,85,OD1,457,O,ATOM,2.696,False
8DQ2,8DQ2_A_LA_203_-,LA,first_shell,A,ASP,87,OD2,470,O,ATOM,2.706,False
8DQ2,8DQ2_A_LA_203_-,LA,second_sphere,A,LEU,90,CA,488,C,ATOM,4.608,False
8DQ2,8DQ2_A_LA_203_-,LA,second_sphere,C,ARG,100,NH2,2256,N,ATOM,4.899,False
8DQ2,8DQ2_A_LA_203_-,LA,second_sphere,C,ILE,43,CG2,1812,C,ATOM,5.144,False
8DQ2,8DQ2_A_LA_203_-,LA,second_sphere,A,HOH,350,O,3432,O,HETATM,5.208,True
8DQ2,8DQ2_A_LA_203_-,LA,second_sphere,A,LYS,84,N,442,N,ATOM,5.606,False
8DQ2,8DQ2_A_LA_203_-,LA,second_sphere,A,HOH,328,O,3410,O,HETATM,5.635,True
8DQ2,8DQ2_A_LA_203_-,LA,second_sphere,A,GLN,88,N,471,N,ATOM,5.745,False
8DQ2,8DQ2_A_LA_203_-,LA,second_sphere,A,GLY,86,N,459,N,ATOM,5.809,False
8DQ2,8DQ2_B_LA_202_-,LA,first_shell,B,ASP,38,OD2,939,O,ATOM,2.504,False
8DQ2,8DQ2_B_LA_202_-,LA,first_shell,B,GLU,42,OE2,970,O,ATOM,2.523,False
8DQ2,8DQ2_B_LA_202_-,LA,first_shell,B,ASP,36,OD1,922,O,ATOM,2.525,False
8DQ2,8DQ2_B_LA_202_-,LA,first_shell,B,ASP,38,OD1,938,O,ATOM,2.587,False
8DQ2,8DQ2_B_LA_202_-,LA,first_shell,B,ASN,34,OD1,905,O,ATOM,2.593,False
8DQ2,8DQ2_B_LA_202_-,LA,first_shell,B,SER,40,O,951,O,ATOM,2.615,False
8DQ2,8DQ2_B_LA_202_-,LA,first_shell,B,ASP,36,OD2,923,O,ATOM,2.629,False
8DQ2,8DQ2_B_LA_202_-,LA,first_shell,B,GLU,42,OE1,969,O,ATOM,2.65,False
8DQ2,8DQ2_B_LA_202_-,LA,first_shell,B,GLU,45,OE1,991,O,ATOM,2.714,False
8DQ2,8DQ2_B_LA_202_-,LA,first_shell,B,GLU,45,OE2,992,O,ATOM,2.734,False
8DQ2,8DQ2_B_LA_202_-,LA,second_sphere,B,LEU,41,CA,955,C,ATOM,4.4,False
8DQ2,8DQ2_B_LA_202_-,LA,second_sphere,B,HOH,313,O,3469,O,HETATM,4.56,True
8DQ2,8DQ2_B_LA_202_-,LA,second_sphere,B,HOH,309,O,3465,O,HETATM,4.667,True
8DQ2,8DQ2_B_LA_202_-,LA,second_sphere,B,HOH,322,O,3478,O,HETATM,5.046,True
8DQ2,8DQ2_B_LA_202_-,LA,second_sphere,B,HOH,323,O,3479,O,HETATM,5.105,True
8DQ2,8DQ2_B_LA_202_-,LA,second_sphere,B,LYS,35,N,907,N,ATOM,5.534,False
8DQ2,8DQ2_B_LA_202_-,LA,second_sphere,B,ASP,39,N,940,N,ATOM,5.645,False
8DQ2,8DQ2_B_LA_202_-,LA,second_sphere,B,HOH,321,O,3477,O,HETATM,5.829,True
8DQ2,8DQ2_B_LA_202_-,LA,second_sphere,B,ASN,37,N,924,N,ATOM,5.944,False
8DQ2,8DQ2_B_LA_203_-,LA,first_shell,B,ASN,58,OD1,1083,O,ATOM,2.444,False
8DQ2,8DQ2_B_LA_203_-,LA,first_shell,B,ASP,60,OD2,1099,O,ATOM,2.481,False
8DQ2,8DQ2_B_LA_203_-,LA,first_shell,B,ASP,62,OD1,1110,O,ATOM,2.492,False
8DQ2,8DQ2_B_LA_203_-,LA,first_shell,B,THR,64,O,1122,O,ATOM,2.546,False
8DQ2,8DQ2_B_LA_203_-,LA,first_shell,B,ASP,60,OD1,1098,O,ATOM,2.57,False
8DQ2,8DQ2_B_LA_203_-,LA,first_shell,B,ASP,62,OD2,1111,O,ATOM,2.572,False
8DQ2,8DQ2_B_LA_203_-,LA,first_shell,B,GLU,66,OE2,1142,O,ATOM,2.635,False
8DQ2,8DQ2_B_LA_203_-,LA,first_shell,B,GLU,69,OE2,1161,O,ATOM,2.668,False
8DQ2,8DQ2_B_LA_203_-,LA,first_shell,B,GLU,69,OE1,1160,O,ATOM,2.69,False
8DQ2,8DQ2_B_LA_203_-,LA,first_shell,B,GLU,66,OE1,1141,O,ATOM,2.715,False
8DQ2,8DQ2_B_LA_203_-,LA,second_sphere,B,LEU,65,CA,1127,C,ATOM,4.325,False
8DQ2,8DQ2_B_LA_203_-,LA,second_sphere,B,HOH,353,O,3509,O,HETATM,4.789,True
8DQ2,8DQ2_B_LA_203_-,LA,second_sphere,B,HOH,311,O,3467,O,HETATM,4.826,True
8DQ2,8DQ2_B_LA_203_-,LA,second_sphere,B,PRO,59,CD,1091,C,ATOM,5.352,False
8DQ2,8DQ2_B_LA_203_-,LA,second_sphere,B,THR,63,N,1112,N,ATOM,5.599,False
8DQ2,8DQ2_B_LA_203_-,LA,second_sphere,B,GLY,61,N,1100,N,ATOM,5.651,False
8DQ2,8DQ2_B_LA_203_-,LA,second_sphere,B,HOH,327,O,3483,O,HETATM,5.976,True
8DQ2,8DQ2_B_LA_204_-,LA,first_shell,B,ASP,85,OD2,1293,O,ATOM,2.499,False
8DQ2,8DQ2_B_LA_204_-,LA,first_shell,B,ASP,87,OD1,1304,O,ATOM,2.506,False
8DQ2,8DQ2_B_LA_204_-,LA,first_shell,B,ASN,83,OD1,1275,O,ATOM,2.51,False
8DQ2,8DQ2_B_LA_204_-,LA,first_shell,B,ASP,85,OD1,1292,O,ATOM,2.558,False
8DQ2,8DQ2_B_LA_204_-,LA,first_shell,B,GLU,94,OE2,1363,O,ATOM,2.571,False
8DQ2,8DQ2_B_LA_204_-,LA,first_shell,B,GLU,91,OE1,1337,O,ATOM,2.595,False
8DQ2,8DQ2_B_LA_204_-,LA,first_shell,B,GLU,91,OE2,1338,O,ATOM,2.63,False
8DQ2,8DQ2_B_LA_204_-,LA,first_shell,B,GLU,94,OE1,1362,O,ATOM,2.651,False
8DQ2,8DQ2_B_LA_204_-,LA,first_shell,B,ASP,87,OD2,1305,O,ATOM,2.672,False
8DQ2,8DQ2_B_LA_204_-,LA,first_shell,B,THR,89,O,1318,O,ATOM,2.683,False
8DQ2,8DQ2_B_LA_204_-,LA,second_sphere,B,LEU,90,CA,1323,C,ATOM,4.626,False
8DQ2,8DQ2_B_LA_204_-,LA,second_sphere,B,HOH,307,O,3463,O,HETATM,4.684,True
8DQ2,8DQ2_B_LA_204_-,LA,second_sphere,D,ARG,100,NH2,3091,N,ATOM,4.836,False
8DQ2,8DQ2_B_LA_204_-,LA,second_sphere,D,ILE,43,CG2,2647,C,ATOM,5.236,False
8DQ2,8DQ2_B_LA_204_-,LA,second_sphere,B,LYS,84,N,1277,N,ATOM,5.557,False
8DQ2,8DQ2_B_LA_204_-,LA,second_sphere,B,HOH,308,O,3464,O,HETATM,5.572,True
8DQ2,8DQ2_B_LA_204_-,LA,second_sphere,B,GLY,86,N,1294,N,ATOM,5.756,False
8DQ2,8DQ2_B_LA_204_-,LA,second_sphere,B,GLN,88,N,1306,N,ATOM,5.775,False
8DQ2,8DQ2_C_LA_201_-,LA,first_shell,C,ASP,36,OD1,1757,O,ATOM,2.489,False
8DQ2,8DQ2_C_LA_201_-,LA,first_shell,C,GLU,42,OE1,1804,O,ATOM,2.494,False
8DQ2,8DQ2_C_LA_201_-,LA,first_shell,C,ASP,38,OD1,1773,O,ATOM,2.51,False
8DQ2,8DQ2_C_LA_201_-,LA,first_shell,C,ASN,34,OD1,1740,O,ATOM,2.531,False
8DQ2,8DQ2_C_LA_201_-,LA,first_shell,C,SER,40,O,1786,O,ATOM,2.568,False
8DQ2,8DQ2_C_LA_201_-,LA,first_shell,C,ASP,38,OD2,1774,O,ATOM,2.599,False
8DQ2,8DQ2_C_LA_201_-,LA,first_shell,C,GLU,45,OE2,1827,O,ATOM,2.601,False
8DQ2,8DQ2_C_LA_201_-,LA,first_shell,C,ASP,36,OD2,1758,O,ATOM,2.713,False
8DQ2,8DQ2_C_LA_201_-,LA,first_shell,C,GLU,45,OE1,1826,O,ATOM,2.73,False
8DQ2,8DQ2_C_LA_201_-,LA,first_shell,C,GLU,42,OE2,1805,O,ATOM,2.818,False
8DQ2,8DQ2_C_LA_201_-,LA,second_sphere,C,LEU,41,CA,1790,C,ATOM,4.372,False
8DQ2,8DQ2_C_LA_201_-,LA,second_sphere,C,HOH,309,O,3536,O,HETATM,4.578,True
8DQ2,8DQ2_C_LA_201_-,LA,second_sphere,C,HOH,304,O,3531,O,HETATM,4.847,True
8DQ2,8DQ2_C_LA_201_-,LA,second_sphere,C,HOH,350,O,3577,O,HETATM,5.151,True
8DQ2,8DQ2_C_LA_201_-,LA,second_sphere,C,LYS,35,N,1742,N,ATOM,5.404,False
8DQ2,8DQ2_C_LA_201_-,LA,second_sphere,C,ASP,39,N,1775,N,ATOM,5.606,False
8DQ2,8DQ2_C_LA_201_-,LA,second_sphere,C,ASN,37,N,1759,N,ATOM,5.924,False
8DQ2,8DQ2_C_LA_202_-,LA,first_shell,C,ASN,58,OD1,1918,O,ATOM,2.452,False
8DQ2,8DQ2_C_LA_202_-,LA,first_shell,C,ASP,62,OD1,1945,O,ATOM,2.458,False
8DQ2,8DQ2_C_LA_202_-,LA,first_shell,C,ASP,60,OD2,1934,O,ATOM,2.478,False
8DQ2,8DQ2_C_LA_202_-,LA,first_shell,C,GLU,66,OE1,1976,O,ATOM,2.573,False
8DQ2,8DQ2_C_LA_202_-,LA,first_shell,C,ASP,60,OD1,1933,O,ATOM,2.59,False
8DQ2,8DQ2_C_LA_202_-,LA,first_shell,C,THR,64,O,1957,O,ATOM,2.645,False
8DQ2,8DQ2_C_LA_202_-,LA,first_shell,C,GLU,69,OE2,1996,O,ATOM,2.659,False
8DQ2,8DQ2_C_LA_202_-,LA,first_shell,C,GLU,66,OE2,1977,O,ATOM,2.696,False
8DQ2,8DQ2_C_LA_202_-,LA,first_shell,C,ASP,62,OD2,1946,O,ATOM,2.697,False
8DQ2,8DQ2_C_LA_202_-,LA,first_shell,C,GLU,69,OE1,1995,O,ATOM,2.703,False
8DQ2,8DQ2_C_LA_202_-,LA,second_sphere,C,LEU,65,CA,1962,C,ATOM,4.378,False
8DQ2,8DQ2_C_LA_202_-,LA,second_sphere,C,HOH,345,O,3572,O,HETATM,4.851,True
8DQ2,8DQ2_C_LA_202_-,LA,second_sphere,C,HOH,341,O,3568,O,HETATM,5.182,True
8DQ2,8DQ2_C_LA_202_-,LA,second_sphere,C,PRO,59,CD,1926,C,ATOM,5.339,False
8DQ2,8DQ2_C_LA_202_-,LA,second_sphere,C,THR,63,N,1947,N,ATOM,5.54,False
8DQ2,8DQ2_C_LA_202_-,LA,second_sphere,C,GLY,61,N,1935,N,ATOM,5.628,False
8DQ2,8DQ2_C_LA_203_-,LA,first_shell,C,ASN,83,OD1,2110,O,ATOM,2.399,False
8DQ2,8DQ2_C_LA_203_-,LA,first_shell,C,ASP,85,OD2,2128,O,ATOM,2.489,False
8DQ2,8DQ2_C_LA_203_-,LA,first_shell,C,ASP,87,OD1,2139,O,ATOM,2.542,False
8DQ2,8DQ2_C_LA_203_-,LA,first_shell,C,GLU,94,OE2,2198,O,ATOM,2.561,False
8DQ2,8DQ2_C_LA_203_-,LA,first_shell,C,THR,89,O,2153,O,ATOM,2.584,False
8DQ2,8DQ2_C_LA_203_-,LA,first_shell,C,GLU,91,OE2,2173,O,ATOM,2.607,False
8DQ2,8DQ2_C_LA_203_-,LA,first_shell,C,GLU,91,OE1,2172,O,ATOM,2.646,False
8DQ2,8DQ2_C_LA_203_-,LA,first_shell,C,GLU,94,OE1,2197,O,ATOM,2.65,False
8DQ2,8DQ2_C_LA_203_-,LA,first_shell,C,ASP,87,OD2,2140,O,ATOM,2.689,False
8DQ2,8DQ2_C_LA_203_-,LA,first_shell,C,ASP,85,OD1,2127,O,ATOM,2.695,False
8DQ2,8DQ2_C_LA_203_-,LA,second_sphere,C,LEU,90,N,2157,N,ATOM,4.603,False
8DQ2,8DQ2_C_LA_203_-,LA,second_sphere,A,ARG,100,NH2,586,N,ATOM,4.689,False
8DQ2,8DQ2_C_LA_203_-,LA,second_sphere,C,HOH,330,O,3557,O,HETATM,4.888,True
8DQ2,8DQ2_C_LA_203_-,LA,second_sphere,C,HOH,331,O,3558,O,HETATM,5.144,True
8DQ2,8DQ2_C_LA_203_-,LA,second_sphere,A,ILE,43,CG2,142,C,ATOM,5.255,False
8DQ2,8DQ2_C_LA_203_-,LA,second_sphere,C,HOH,319,O,3546,O,HETATM,5.351,True
8DQ2,8DQ2_C_LA_203_-,LA,second_sphere,C,LYS,84,N,2112,N,ATOM,5.525,False
8DQ2,8DQ2_C_LA_203_-,LA,second_sphere,C,GLN,88,N,2141,N,ATOM,5.756,False
8DQ2,8DQ2_C_LA_203_-,LA,second_sphere,C,GLY,86,N,2129,N,ATOM,5.784,False
8DQ2,8DQ2_C_LA_203_-,LA,second_sphere,C,ALA,82,O,2102,O,ATOM,5.967,False
8DQ2,8DQ2_D_LA_202_-,LA,first_shell,D,GLU,42,OE2,2640,O,ATOM,2.495,False
8DQ2,8DQ2_D_LA_202_-,LA,first_shell,D,ASP,38,OD2,2609,O,ATOM,2.535,False
8DQ2,8DQ2_D_LA_202_-,LA,first_shell,D,GLU,45,OE2,2662,O,ATOM,2.583,False
8DQ2,8DQ2_D_LA_202_-,LA,first_shell,D,ASP,38,OD1,2608,O,ATOM,2.592,False
8DQ2,8DQ2_D_LA_202_-,LA,first_shell,D,SER,40,O,2621,O,ATOM,2.619,False
8DQ2,8DQ2_D_LA_202_-,LA,first_shell,D,ASN,34,OD1,2575,O,ATOM,2.656,False
8DQ2,8DQ2_D_LA_202_-,LA,first_shell,D,ASP,36,OD1,2592,O,ATOM,2.663,False
8DQ2,8DQ2_D_LA_202_-,LA,first_shell,D,ASP,36,OD2,2593,O,ATOM,2.7,False
8DQ2,8DQ2_D_LA_202_-,LA,first_shell,D,GLU,45,OE1,2661,O,ATOM,2.776,False
8DQ2,8DQ2_D_LA_202_-,LA,first_shell,D,GLU,42,OE1,2639,O,ATOM,2.826,False
8DQ2,8DQ2_D_LA_202_-,LA,second_sphere,D,LEU,41,CA,2625,C,ATOM,4.333,False
8DQ2,8DQ2_D_LA_202_-,LA,second_sphere,D,HOH,341,O,3630,O,HETATM,4.8,True
8DQ2,8DQ2_D_LA_202_-,LA,second_sphere,D,ASP,39,N,2610,N,ATOM,5.741,False
8DQ2,8DQ2_D_LA_202_-,LA,second_sphere,D,LYS,35,N,2577,N,ATOM,5.762,False
8DQ2,8DQ2_D_LA_203_-,LA,first_shell,D,ASN,58,OD1,2753,O,ATOM,2.478,False
8DQ2,8DQ2_D_LA_203_-,LA,first_shell,D,GLU,66,OE1,2811,O,ATOM,2.49,False
8DQ2,8DQ2_D_LA_203_-,LA,first_shell,D,ASP,62,OD1,2780,O,ATOM,2.539,False
8DQ2,8DQ2_D_LA_203_-,LA,first_shell,D,ASP,60,OD2,2769,O,ATOM,2.55,False
8DQ2,8DQ2_D_LA_203_-,LA,first_shell,D,ASP,62,OD2,2781,O,ATOM,2.558,False
8DQ2,8DQ2_D_LA_203_-,LA,first_shell,D,GLU,66,OE2,2812,O,ATOM,2.564,False
8DQ2,8DQ2_D_LA_203_-,LA,first_shell,D,ASP,60,OD1,2768,O,ATOM,2.682,False
8DQ2,8DQ2_D_LA_203_-,LA,first_shell,D,THR,64,O,2792,O,ATOM,2.692,False
8DQ2,8DQ2_D_LA_203_-,LA,first_shell,D,GLU,69,OE1,2830,O,ATOM,2.703,False
8DQ2,8DQ2_D_LA_203_-,LA,first_shell,D,GLU,69,OE2,2831,O,ATOM,2.776,False
8DQ2,8DQ2_D_LA_203_-,LA,second_sphere,D,LEU,65,CA,2797,C,ATOM,4.363,False
8DQ2,8DQ2_D_LA_203_-,LA,second_sphere,D,PRO,59,CD,2761,C,ATOM,5.395,False
8DQ2,8DQ2_D_LA_203_-,LA,second_sphere,D,THR,63,N,2782,N,ATOM,5.589,False
8DQ2,8DQ2_D_LA_203_-,LA,second_sphere,D,GLY,61,N,2770,N,ATOM,5.767,False
8DQ2,8DQ2_D_LA_204_-,LA,first_shell,D,ASN,83,OD1,2945,O,ATOM,2.437,False
8DQ2,8DQ2_D_LA_204_-,LA,first_shell,D,ASP,85,OD2,2963,O,ATOM,2.476,False
8DQ2,8DQ2_D_LA_204_-,LA,first_shell,D,ASP,87,OD1,2974,O,ATOM,2.546,False
8DQ2,8DQ2_D_LA_204_-,LA,first_shell,D,GLU,94,OE2,3033,O,ATOM,2.558,False
8DQ2,8DQ2_D_LA_204_-,LA,first_shell,D,GLU,91,OE2,3008,O,ATOM,2.583,False
8DQ2,8DQ2_D_LA_204_-,LA,first_shell,D,THR,89,O,2988,O,ATOM,2.614,False
8DQ2,8DQ2_D_LA_204_-,LA,first_shell,D,ASP,85,OD1,2962,O,ATOM,2.639,False
8DQ2,8DQ2_D_LA_204_-,LA,first_shell,D,GLU,94,OE1,3032,O,ATOM,2.663,False
8DQ2,8DQ2_D_LA_204_-,LA,first_shell,D,GLU,91,OE1,3007,O,ATOM,2.709,False
8DQ2,8DQ2_D_LA_204_-,LA,first_shell,D,ASP,87,OD2,2975,O,ATOM,2.731,False
8DQ2,8DQ2_D_LA_204_-,LA,second_sphere,D,LEU,90,CA,2993,C,ATOM,4.598,False
8DQ2,8DQ2_D_LA_204_-,LA,second_sphere,B,ARG,100,NH2,1421,N,ATOM,4.772,False
8DQ2,8DQ2_D_LA_204_-,LA,second_sphere,D,HOH,321,O,3610,O,HETATM,5.042,True
8DQ2,8DQ2_D_LA_204_-,LA,second_sphere,D,HOH,314,O,3603,O,HETATM,5.227,True
8DQ2,8DQ2_D_LA_204_-,LA,second_sphere,B,ILE,43,CG2,977,C,ATOM,5.262,False
8DQ2,8DQ2_D_LA_204_-,LA,second_sphere,D,LYS,84,N,2947,N,ATOM,5.525,False
8DQ2,8DQ2_D_LA_204_-,LA,second_sphere,D,GLN,88,N,2976,N,ATOM,5.746,False
8DQ2,8DQ2_D_LA_204_-,LA,second_sphere,D,GLY,86,N,2964,N,ATOM,5.763,False
