template_id,source_type,chain_id,site_index,site_label,residue_name,residue_seq,insertion_code,metal_identity,experimental_method
6MI5,cif,X,1,X:200,YT3,200,,Y,SOLUTION NMR
6MI5,cif,X,2,X:201,YT3,201,,Y,SOLUTION NMR
6MI5,cif,X,3,X:202,YT3,202,,Y,SOLUTION NMR
8FNS,csv_atom_table,A,1,A:201,ND,201,,ND,X-RAY DIFFRACTION
8FNS,csv_atom_table,A,2,A:202,ND,202,,ND,X-RAY DIFFRACTION
8FNS,csv_atom_table,A,3,A:203,ND,203,,ND,X-RAY DIFFRACTION
8FNS,csv_atom_table,A,4,A:204,ND,204,,ND,X-RAY DIFFRACTION
8DQ2,csv_atom_table,A,1,A:201,LA,201,,LA,X-RAY DIFFRACTION
8DQ2,csv_atom_table,A,2,A:202,LA,202,,LA,X-RAY DIFFRACTION
8DQ2,csv_atom_table,A,3,A:203,LA,203,,LA,X-RAY DIFFRACTION
8DQ2,csv_atom_table,B,4,B:202,LA,202,,LA,X-RAY DIFFRACTION
8DQ2,csv_atom_table,B,5,B:203,LA,203,,LA,X-RAY DIFFRACTION
8DQ2,csv_atom_table,B,6,B:204,LA,204,,LA,X-RAY DIFFRACTION
8DQ2,csv_atom_table,C,7,C:201,LA,201,,LA,X-RAY DIFFRACTION
8DQ2,csv_atom_table,C,8,C:202,LA,202,,LA,X-RAY DIFFRACTION
8DQ2,csv_atom_table,C,9,C:203,LA,203,,LA,X-RAY DIFFRACTION
8DQ2,csv_atom_table,D,10,D:202,LA,202,,LA,X-RAY DIFFRACTION
8DQ2,csv_atom_table,D,11,D:203,LA,203,,LA,X-RAY DIFFRACTION
8DQ2,csv_atom_table,D,12,D:204,LA,204,,LA,X-RAY DIFFRACTION
8FNR,cif,A,1,A:201,DY,201,,DY,X-RAY DIFFRACTION
8FNR,cif,A,2,A:202,DY,202,,DY,X-RAY DIFFRACTION
8FNR,cif,A,3,A:203,DY,203,,DY,X-RAY DIFFRACTION
8FNR,cif,A,4,A:204,DY,204,,DY,X-RAY DIFFRACTION
8FNR,cif,B,5,B:201,DY,201,,DY,X-RAY DIFFRACTION
8FNR,cif,B,6,B:202,DY,202,,DY,X-RAY DIFFRACTION
8FNR,cif,B,7,B:203,DY,203,,DY,X-RAY DIFFRACTION
8FNR,cif,C,8,C:201,DY,201,,DY,X-RAY DIFFRACTION
8FNR,cif,C,9,C:202,DY,202,,DY,X-RAY DIFFRACTION
8FNR,cif,C,10,C:203,DY,203,,DY,X-RAY DIFFRACTION
8FNR,cif,D,11,D:201,DY,201,,DY,X-RAY DIFFRACTION
8FNR,cif,D,12,D:202,DY,202,,DY,X-RAY DIFFRACTION
8FNR,cif,D,13,D:203,DY,203,,DY,X-RAY DIFFRACTION
8FNR,cif,D,14,D:204,DY,204,,DY,X-RAY DIFFRACTION
