step,time_ps,coordination_number,mean_metal_oxygen_distance_A,bias_potential_kj_per_mol,escape_condition_met
0,0.0,8.701246506479617,2.3432369829649917,0.0,FALSE
500,1.0,8.752267943086197,2.3451893528369245,1.9401979634327442,FALSE
1000,2.0,8.725201476362564,2.353275655164699,3.673165996721172,FALSE
1500,3.0,8.751083916456428,2.341540993186153,5.247839071901564,FALSE
2000,4.0,8.739679650425925,2.356728332330766,6.691651243818015,FALSE
2500,5.0,8.761808621535662,2.3356770153898685,8.000869629388596,FALSE
3000,6.0,8.707924948685568,2.355915433289288,9.1788589193637,FALSE
3500,7.0,8.747348154662431,2.326795135199589,10.352595686251046,FALSE
4000,8.0,8.545382888361036,2.363871811162245,9.026289212818611,FALSE
4500,9.0,8.726193347385584,2.3426725511908315,12.380210067975334,FALSE
5000,10.0,8.743818091022725,2.349173084215554,13.296863596140527,FALSE
5500,11.0,8.732482246874921,2.3519709967078843,14.241752650688676,FALSE
6000,12.0,8.705448688903278,2.3544552150938283,15.08276297063219,FALSE
6500,13.0,8.704193863756316,2.348210060399933,15.91546852665993,FALSE
7000,14.0,8.760021105237334,2.335727816771089,16.549439592463187,FALSE
7500,15.0,8.753736720550348,2.347437710225602,17.37602750868663,FALSE
8000,16.0,8.743276528094874,2.3388410728439553,18.160429820814812,FALSE
8500,17.0,8.70637971288037,2.3530418664982338,18.847860879137116,FALSE
9000,18.0,8.785601488075853,2.3287935076852007,18.958794319954308,FALSE
9500,19.0,8.774280217778061,2.338774082365791,19.83753061142919,FALSE
10000,20.0,8.764775261788959,2.3396980419342177,20.59797045839237,FALSE
10500,21.0,8.66424307643855,2.365301487857755,20.736477507096083,FALSE
11000,22.0,8.772186859400312,2.330896009432265,21.605605386431428,FALSE
11500,23.0,8.760878850970524,2.345265482639965,22.370369354769753,FALSE
12000,24.0,8.78226709668438,2.3328055118855193,22.56109343313004,FALSE
12500,25.0,8.76240376041711,2.341173926859073,23.43875728439455,FALSE
13000,26.0,8.767756119436381,2.3319647410797204,23.83265600114658,FALSE
13500,27.0,8.751342513884117,2.3458156177511253,24.55178432383593,FALSE
14000,28.0,8.780753634741622,2.3315666714561343,24.590108062524454,FALSE
14500,29.0,8.745972209411716,2.344544092385032,25.54977347860001,FALSE
15000,30.0,8.750149834640418,2.3431777661131252,25.97984005143133,FALSE
15500,31.0,8.773130930901733,2.337700329431413,26.130704826175208,FALSE
16000,32.0,8.76590439918101,2.3350333256256395,26.667644148932656,FALSE
16500,33.0,8.77707983901096,2.337245720875708,26.920499184206207,FALSE
17000,34.0,8.755366160061575,2.344399723284459,27.651693177560755,FALSE
17500,35.0,8.780016434366678,2.3254847248538004,27.576285714864095,FALSE
18000,36.0,8.746086154542017,2.3487193742914854,28.513082008251136,FALSE
18500,37.0,8.762424602315772,2.332978516203573,28.721884671525686,FALSE
19000,38.0,8.783348205173946,2.320779518704209,28.597626718882044,FALSE
19500,39.0,8.749356576613554,2.344010230073984,29.63882952692722,FALSE
20000,40.0,8.76411330961866,2.3409614425377883,29.84557829165393,FALSE
20500,41.0,8.774999967371942,2.336762885085904,30.0136058262802,FALSE
21000,42.0,8.751982751862672,2.3444233873184976,30.683327479375233,FALSE
21500,43.0,8.781917136974656,2.3237267182426202,30.433143654109433,FALSE
22000,44.0,8.763521003899385,2.3498995403576473,31.216380863652827,FALSE
22500,45.0,8.730520005687708,2.348116117985726,31.737886676174544,FALSE
23000,46.0,8.712751299858866,2.344165780006307,31.950889485739562,FALSE
23500,47.0,8.745550806796597,2.339540917405802,32.359593627738995,FALSE
24000,48.0,8.755053209418007,2.3415620429766903,32.59962800699816,FALSE
24500,49.0,8.584231267008118,2.357196899377825,27.67011510577765,FALSE
25000,50.0,8.750871319030853,2.346097624198791,33.24849328637657,FALSE
25500,51.0,8.707957700106368,2.3486809359635545,33.41316170804586,FALSE
26000,52.0,8.720360605633731,2.344952097531541,33.84378093382343,FALSE
26500,53.0,8.666540632285098,2.3475083354041355,32.97318549245791,FALSE
27000,54.0,8.512642793227213,2.346871952709957,23.78255990314538,FALSE
27500,55.0,8.736609910633339,2.333405524630628,34.751938632219776,FALSE
28000,56.0,8.753759491143782,2.333811417651452,34.910186383241296,FALSE
28500,57.0,8.70079868789625,2.353865612499946,35.00652759523833,FALSE
29000,58.0,8.787289552364259,2.3278110931016864,34.6974403533691,FALSE
29500,59.0,8.775703447434635,2.3281537357976707,35.26675836625036,FALSE
30000,60.0,8.746386272450362,2.339326160586141,36.057865940255404,FALSE
30500,61.0,8.731101770078425,2.339601325851851,36.352182032819904,FALSE
31000,62.0,8.750160706746007,2.3280179149894247,36.4316918048066,FALSE
31500,63.0,8.42288243225119,2.3665033496496917,17.782329556385374,FALSE
32000,64.0,8.746952867144818,2.3349811286906026,37.058979794791064,FALSE
32500,65.0,8.722023506123822,2.330529068727294,37.29001806236666,FALSE
33000,66.0,8.51629732720642,2.3475972984346436,26.67115090823575,FALSE
33500,67.0,8.578269915192964,2.353566326217095,32.01250110219167,FALSE
34000,68.0,8.646938308283733,2.3469038842234498,36.361523090001015,FALSE
34500,69.0,8.51411809297672,2.346947400038953,27.41557999686472,FALSE
35000,70.0,8.537131228537438,2.3474183868627603,29.7583621367842,FALSE
35500,71.0,8.55851958447849,2.355537007789835,31.78668613763569,FALSE
36000,72.0,8.531068121105541,2.34649202923713,29.978022084168096,FALSE
36500,73.0,8.484876460715324,2.35449437147015,26.345514902992388,FALSE
37000,74.0,8.548483803032022,2.3362001545897764,32.125692158627515,FALSE
37500,75.0,8.52396448218697,2.3406635564426663,30.45956168099421,FALSE
38000,76.0,8.483758061690315,2.3530290625097923,27.243382937757833,FALSE
38500,77.0,8.564161397123435,2.3375284633729168,34.32214795566682,FALSE
39000,78.0,8.499366349502052,2.34498360559841,29.365644087298747,FALSE
39500,79.0,8.570736252622453,2.3551408822532953,35.48456488236807,FALSE
40000,80.0,8.50847774927072,2.3481387915085836,30.829966705811398,FALSE
40500,81.0,8.425310905754985,2.3290203493618593,23.60484917453626,FALSE
41000,82.0,8.464220453088373,2.3555281294048775,27.589158047286354,FALSE
41500,83.0,8.435142618091765,2.350064245166906,25.40201252311693,FALSE
42000,84.0,8.37477769435956,2.3385172284357694,20.457320471006135,FALSE
42500,85.0,8.350469704890157,2.3477685770186514,18.942975590872244,FALSE
43000,86.0,8.346433303745716,2.3549888582148286,19.149778180880023,FALSE
43500,87.0,8.541129363004883,2.3510446725411613,36.52088656401498,FALSE
44000,88.0,8.498264031392859,2.3622659511563047,33.23900150465627,FALSE
44500,89.0,8.54230930927563,2.337177894722436,37.11060475490059,FALSE
45000,90.0,8.530437660955721,2.352613254034398,36.405704845574355,FALSE
45500,91.0,8.416710101094312,2.3372211103992186,26.653002856822393,FALSE
46000,92.0,8.502253325356431,2.353233827687664,34.60849536899591,FALSE
46500,93.0,8.541734574822293,2.3688725895973035,37.77299740261181,FALSE
47000,94.0,8.568061575629319,2.3446078060365743,40.13749258335585,FALSE
47500,95.0,8.599273103116346,2.344475858598382,42.168088405523704,FALSE
48000,96.0,8.516888417150973,2.3511153524743693,36.8139477601329,FALSE
48500,97.0,8.51867990928999,2.357968016798832,37.13260462577737,FALSE
49000,98.0,8.39797347243531,2.3419370267654482,26.49107253701597,FALSE
49500,99.0,8.528410618916556,2.338514203490843,38.569986251138886,FALSE
50000,100.0,8.384695232203766,2.3391815170226997,25.85085188042619,FALSE
50500,101.0,8.50998099189925,2.3525967964331005,37.67001779436932,FALSE
51000,102.0,8.56708744797944,2.3636619561515455,41.88550522137877,FALSE
51500,103.0,8.571091473327305,2.363302561806034,42.33864708558734,FALSE
52000,104.0,8.546957888207709,2.3587584353664552,41.02311419112934,FALSE
52500,105.0,8.516985048332998,2.3741139371209448,38.68012062321397,FALSE
53000,106.0,8.534276958331949,2.3475424134533585,40.73166066194983,FALSE
53500,107.0,8.457118797308048,2.354754730784247,34.38225673052252,FALSE
54000,108.0,8.482581222329626,2.3570657710178686,36.871318868532306,FALSE
54500,109.0,8.310176763157056,2.3407124833627484,21.056210972703262,FALSE
55000,110.0,8.480644033546442,2.3540105075512674,37.31203259925565,FALSE
55500,111.0,8.596336298846861,2.352227432480856,45.55153375530777,FALSE
56000,112.0,8.577447197520307,2.3353792704960776,44.75406750609089,FALSE
56500,113.0,8.443180126508011,2.357456821579332,34.37427760658235,FALSE
57000,114.0,8.496374982998317,2.3492600909440418,39.4452516681281,FALSE
57500,115.0,8.316210276791171,2.3355524268872703,22.866477603118042,FALSE
58000,116.0,8.251290893774318,2.3422281875875584,17.998134546132306,FALSE
58500,117.0,8.264395732707325,2.332948403221263,19.56579351028948,FALSE
59000,118.0,8.21286600681821,2.3288752635974426,16.05514523407334,FALSE
59500,119.0,8.278509119834075,2.3512813113208804,21.955537730178474,FALSE
60000,120.0,8.322852606449732,2.3535061488453186,26.29662352393591,FALSE
60500,121.0,8.346871023621098,2.34471211211384,29.011240184998265,FALSE
61000,122.0,8.327453877190036,2.342547962457469,27.590448639081306,FALSE
61500,123.0,8.434297914588294,2.347975749314862,37.58667318992508,FALSE
62000,124.0,8.281739149238609,2.352712504597275,23.994268673146358,FALSE
62500,125.0,8.32766364639373,2.340294339326166,28.66050308784355,FALSE
63000,126.0,8.572504564198443,2.347953682710256,48.02732600440565,FALSE
63500,127.0,8.605908260514035,2.333663654025094,49.27347215699255,FALSE
64000,128.0,8.566451649746613,2.3392110386786062,47.97667281123247,FALSE
64500,129.0,8.547990266552976,2.343573979287979,47.18697161390807,FALSE
65000,130.0,8.762794241689216,2.3393977860224258,47.10004966046363,FALSE
65500,131.0,8.7783190290778,2.3337383232369304,46.190644738290196,FALSE
66000,132.0,8.710200723982924,2.348302989646964,49.79137943982235,FALSE
66500,133.0,8.728089082325099,2.361186279240803,49.08450299542452,FALSE
67000,134.0,8.728336379293122,2.3405873371308163,49.369560525800736,FALSE
67500,135.0,8.765320754352576,2.3404017500812224,47.57476438595095,FALSE
68000,136.0,8.777939494964409,2.3401365991805947,46.88572699409302,FALSE
68500,137.0,8.747054331238967,2.3457250161115697,48.87733971681831,FALSE
69000,138.0,8.75459484724067,2.346602725079963,48.58531372355972,FALSE
69500,139.0,8.776430317675013,2.3294796491191407,47.23886973795592,FALSE
70000,140.0,8.782804282689948,2.3356964274123455,47.008146617074274,FALSE
70500,141.0,8.767780609558296,2.3308526468840953,48.07542861109883,FALSE
71000,142.0,8.789184086540486,2.324920379702421,46.634032572437455,FALSE
71500,143.0,8.722918557076209,2.347332329569096,50.69906546362176,FALSE
72000,144.0,8.75520435753226,2.3465073222755097,49.288168275232714,FALSE
72500,145.0,8.751270995164363,2.345927425779318,49.62740422991889,FALSE
73000,146.0,8.757591599095122,2.3445295516122466,49.39763554449474,FALSE
73500,147.0,8.789740716611098,2.3276106052086094,47.23150132030069,FALSE
74000,148.0,8.753666482092617,2.34510856850676,49.85336711138861,FALSE
74500,149.0,8.776950736043696,2.3307917344814513,48.42991836779683,FALSE
75000,150.0,8.776536131134174,2.3286430856339195,48.54270123441914,FALSE
75500,151.0,8.752139967032141,2.336871391173277,50.25312664141768,FALSE
76000,152.0,8.765212466846267,2.3366270872124093,49.6037726306601,FALSE
76500,153.0,8.789784908008542,2.319641548911468,47.72742264762956,FALSE
77000,154.0,8.757281952838058,2.3302337713333894,50.22338217769438,FALSE
77500,155.0,8.744256668580414,2.3423179047050793,51.145329713906904,FALSE
78000,156.0,8.768681287584467,2.3378663636996238,49.833420555660865,FALSE
78500,157.0,8.782858536251423,2.3359444568905747,48.97420360540868,FALSE
79000,158.0,8.730490383356223,2.341230596971885,52.09703724249098,FALSE
79500,159.0,8.778830725232465,2.3278416194919007,49.35585392685114,FALSE
80000,160.0,8.771907427092906,2.3342029615154525,50.028078756222826,FALSE
80500,161.0,8.78656682765727,2.321269787280167,48.87116525902242,FALSE
81000,162.0,8.742653650731382,2.333392286793354,51.915407556703244,FALSE
81500,163.0,8.784760879721086,2.3240367378220834,49.28980478991514,FALSE
82000,164.0,8.774521773486542,2.33325513790617,50.28182700778733,FALSE
82500,165.0,8.773045720559288,2.334915490236946,50.50449904964228,FALSE
83000,166.0,8.795225014698634,2.3211910103203275,48.75199947203858,FALSE
83500,167.0,8.763863535933842,2.3316890274056497,51.268023473949214,FALSE
84000,168.0,8.770171716147775,2.3349577920779967,51.015564338846154,FALSE
84500,169.0,8.786645476383079,2.326884238648771,49.85482885031343,FALSE
85000,170.0,8.764164050279875,2.3387853725261443,51.63702237591321,FALSE
85500,171.0,8.763448873474834,2.3390622915103143,51.789233094911424,FALSE
86000,172.0,8.775143414816922,2.335956137921174,51.11746338735735,FALSE
86500,173.0,8.774318276235201,2.33038876141349,51.20003511752946,FALSE
87000,174.0,8.762936116678864,2.3338097140553824,52.073941948311024,FALSE
87500,175.0,8.765493599591,2.335624550034099,52.036495288574685,FALSE
88000,176.0,8.785039410668608,2.331031541130711,50.76128938731149,FALSE
88500,177.0,8.764773324231149,2.3372040515768258,52.302059193272335,FALSE
89000,178.0,8.765461397107606,2.328158227823645,52.23544504376578,FALSE
89500,179.0,8.750836965060591,2.342961865319989,53.32117048820505,FALSE
90000,180.0,8.765832058110878,2.3358686162638196,52.52119882970341,FALSE
90500,181.0,8.756695203794353,2.337846016096297,53.171589867484926,FALSE
91000,182.0,8.766889262060875,2.329252679961766,52.54494727241041,FALSE
91500,183.0,8.757739639060853,2.336054249329564,53.28802909009142,FALSE
92000,184.0,8.780421973623193,2.328922795309932,51.83363061317266,FALSE
92500,185.0,8.759642129068856,2.3371173825825284,53.374838001111634,FALSE
93000,186.0,8.768555149242674,2.3439772205603333,52.94541813924257,FALSE
93500,187.0,8.74726563699194,2.3383021925749654,54.24620838817736,FALSE
94000,188.0,8.787032940197335,2.322135620031827,51.568505468765125,FALSE
94500,189.0,8.776760850375087,2.333747423696479,52.625519662168344,FALSE
95000,190.0,8.745996764020385,2.3456108891158363,54.603861971012584,FALSE
95500,191.0,8.77468374241742,2.328943505703353,52.883955699064785,FALSE
96000,192.0,8.737093866337117,2.3469651732815917,55.19809991703178,FALSE
96500,193.0,8.791947188629816,2.3192503581014474,51.578375808406214,FALSE
97000,194.0,8.769262305134168,2.333647494210029,53.590025561146604,FALSE
97500,195.0,8.740218361837726,2.346944639681634,55.3293273934574,FALSE
98000,196.0,8.78460578684299,2.3260643270307697,52.57670102959631,FALSE
98500,197.0,8.773889104684223,2.332898048656376,53.53839862285817,FALSE
99000,198.0,8.751943798914288,2.343335240725822,55.01902106562638,FALSE
99500,199.0,8.766550224954894,2.339925490118112,54.24990773187858,FALSE
100000,200.0,8.759435697398807,2.331906880139486,54.68789608330092,FALSE
100500,201.0,8.742608116237706,2.3521019395563307,55.68749355887315,FALSE
101000,202.0,8.75135930502045,2.3463197567853262,55.37550480395865,FALSE
101500,203.0,8.79329238524875,2.321941053904296,52.41404945582148,FALSE
102000,204.0,8.788694263600291,2.3295246050073417,53.02923693286259,FALSE
102500,205.0,8.787880166774853,2.3294202905487476,53.18083715902181,FALSE
103000,206.0,8.750389393897512,2.350202247950717,55.75659475987944,FALSE
103500,207.0,8.751093080064107,2.331336248552237,55.745978849859526,FALSE
104000,208.0,8.772313488740016,2.3324288523787455,54.58263015420924,FALSE
104500,209.0,8.774255893064614,2.337603300054031,54.58863379690162,FALSE
105000,210.0,8.771897923388346,2.3404532317418996,54.847522338457225,FALSE
105500,211.0,8.756899192498414,2.3412522415554182,55.857376824600806,FALSE
106000,212.0,8.745849833972539,2.3381452892570236,56.50645266899193,FALSE
106500,213.0,8.763065748688197,2.3433799184922375,55.65734223415174,FALSE
107000,214.0,8.779763627261838,2.336272058133661,54.61407428104891,FALSE
107500,215.0,8.795040302007822,2.325578462998,53.37934290365756,FALSE
108000,216.0,8.758005376023483,2.3373543039162175,56.18872438261107,FALSE
108500,217.0,8.794455831344461,2.3192091707748603,53.4142202532392,FALSE
109000,218.0,8.762850994581326,2.3431358305655645,56.08599848428192,FALSE
109500,219.0,8.750147376927965,2.351010002674752,56.83285429511042,FALSE
110000,220.0,8.747229556959807,2.3492150371759974,57.074162487954084,FALSE
110500,221.0,8.780696221902058,2.333401999713019,55.07733247051589,FALSE
111000,222.0,8.779579525004145,2.3335783877746756,55.24304037294481,FALSE
111500,223.0,8.771471912154675,2.3232075141781365,55.67135022520822,FALSE
112000,224.0,8.778203744924781,2.32978981697979,55.43111382238352,FALSE
112500,225.0,8.777401612680054,2.3304141979858026,55.57867349022837,FALSE
113000,226.0,8.771258194889695,2.334819290310624,56.134388529255126,FALSE
113500,227.0,8.740427419035214,2.349677597932802,57.9350405706574,FALSE
114000,228.0,8.77020082646304,2.3358766729431,56.36555304959928,FALSE
114500,229.0,8.769095829002106,2.3343357856288423,56.497865146727555,FALSE
115000,230.0,8.783164685298756,2.325921245757285,55.46002929008682,FALSE
115500,231.0,8.7807060917321,2.334862074269965,55.865466803868784,FALSE
116000,232.0,8.785799594056561,2.331832412535853,55.52967294648632,FALSE
116500,233.0,8.72447698390821,2.354149689729593,58.956754111669454,FALSE
117000,234.0,8.77530966563804,2.3348549587899603,56.466597421054246,FALSE
117500,235.0,8.783964287207795,2.3307465240754093,55.87433973771111,FALSE
118000,236.0,8.757717699698597,2.347306615530527,57.75472518449335,FALSE
118500,237.0,8.781393806107992,2.326821431117461,56.136907386471215,FALSE
119000,238.0,8.76434571682745,2.3354863599648943,57.4903315020878,FALSE
119500,239.0,8.774596350997152,2.33616143362513,56.902457744566895,FALSE
120000,240.0,8.748954476908814,2.3434114611390497,58.530891418350535,FALSE
120500,241.0,8.78130919709939,2.3285315094724086,56.46845417993462,FALSE
121000,242.0,8.752805459157702,2.338819202992764,58.46311998331344,FALSE
121500,243.0,8.77068846803623,2.331533346812953,57.39050795863641,FALSE
122000,244.0,8.775688935889917,2.3295492848037176,57.091117255816116,FALSE
122500,245.0,8.767330835458747,2.3343995030204465,57.78751400969862,FALSE
123000,246.0,8.764126498690473,2.337000329217454,58.08563969148122,FALSE
123500,247.0,8.777473034896236,2.3346199127670157,57.253332647932105,FALSE
124000,248.0,8.740442607001967,2.347178403445234,59.47822503531886,FALSE
124500,249.0,8.768375070484689,2.3383380384814503,58.02818956604391,FALSE
125000,250.0,8.728119650992323,2.3276799477409646,59.95364472361826,FALSE
125500,251.0,8.741209926048093,2.3384118809463903,59.64762476437826,FALSE
126000,252.0,8.695866991973483,2.3377828698212664,60.99025789020084,FALSE
126500,253.0,8.766727942241046,2.337745128787838,58.39067541700023,FALSE
127000,254.0,8.770476859796572,2.3290936613161524,58.10579260189352,FALSE
127500,255.0,8.793078647666418,2.3225349191602134,56.37340298868441,FALSE
128000,256.0,8.775044878517305,2.3369142637496085,58.043946046773485,FALSE
128500,257.0,8.763898802204631,2.3417175578745835,58.858970516961286,FALSE
129000,258.0,8.682754737628622,2.3525939443499104,61.41582673285963,FALSE
129500,259.0,8.769065301817534,2.32931424811193,58.53921755830139,FALSE
130000,260.0,8.629395933690077,2.348220990936746,60.621991683874555,FALSE
130500,261.0,8.199049800718752,2.3370449713018404,19.3886413946937,FALSE
131000,262.0,8.338967387909902,2.358486935586353,33.7134850621898,FALSE
131500,263.0,8.494269313389225,2.3441231550741954,51.25579358765726,FALSE
132000,264.0,8.325700855014839,2.3451541602308272,32.80708148714311,FALSE
132500,265.0,8.423786303412285,2.3393622125486795,44.17762071754134,FALSE
133000,266.0,8.398541733007708,2.34837170426477,41.63776657442256,FALSE
133500,267.0,8.363905199684352,2.346963398434353,37.98956417438014,FALSE
134000,268.0,8.22460969033231,2.363363032640486,23.679751844818547,FALSE
134500,269.0,8.305663305855647,2.3483920883482305,32.39159187486858,FALSE
135000,270.0,8.278532753640096,2.3457279027992115,29.981355442273614,FALSE
135500,271.0,8.24080435147276,2.325791672281392,26.394649310486,FALSE
136000,272.0,8.206918568443433,2.3382179342242675,23.700944605601187,FALSE
136500,273.0,8.290748779038601,2.3423995480898396,32.251774059486635,FALSE
137000,274.0,8.21364018967546,2.3468857963610557,24.978740643877305,FALSE
137500,275.0,8.449960247098444,2.3519123152756505,49.741663334069706,FALSE
138000,276.0,8.297479575054883,2.3412938713718097,33.739540388839366,FALSE
138500,277.0,8.385996904297246,2.3316080983213467,43.43526452060073,FALSE
139000,278.0,8.2480275850731,2.320814750901388,29.16033140273658,FALSE
139500,279.0,8.340576816554892,2.3467847897529923,39.26263449363082,FALSE
140000,280.0,8.41651355915809,2.348201499847659,47.543677905952244,FALSE
140500,281.0,8.237057968928502,2.3449346713160555,29.260787983631857,FALSE
141000,282.0,8.164370612888236,2.341453162137628,23.013235961893145,FALSE
141500,283.0,8.269157248303461,2.341976006904651,33.3106501216672,FALSE
142000,284.0,8.478105801604352,2.3376994825285156,54.42189984850492,FALSE
142500,285.0,8.180695305580803,2.3539606715228762,25.32713742581175,FALSE
143000,286.0,8.339219444184378,2.343716045252249,41.14108453420427,FALSE
143500,287.0,8.280123497567704,2.342725818707324,35.40981277004178,FALSE
144000,288.0,8.314444861737815,2.35553168382278,39.03931322666163,FALSE
144500,289.0,8.259104738060453,2.3349074477442606,33.70696207271037,FALSE
145000,290.0,8.201583635818317,2.317835888832565,28.191269896979065,FALSE
145500,291.0,8.343910565608244,2.3406917673178746,42.80333420231199,FALSE
146000,292.0,8.310553988212147,2.3423117154318907,39.633433102081284,FALSE
146500,293.0,8.376781115413921,2.3424777713310685,46.484707442835926,FALSE
147000,294.0,8.33492269341769,2.338048659642244,42.4483083618891,FALSE
147500,295.0,8.333808845351923,2.3541569478397153,42.478547140698566,FALSE
148000,296.0,8.355794244306882,2.3369257680653446,44.8956210773407,FALSE
148500,297.0,8.54499577387558,2.3521148417586826,61.35072995073374,FALSE
149000,298.0,8.751930929512758,2.3367411416255557,61.66055749782313,FALSE
149500,299.0,8.77831880984243,2.3258780405392754,59.573259699834836,FALSE
150000,300.0,8.742917427350596,2.3480963367904955,62.34883141619267,FALSE
150500,301.0,8.74595602774784,2.3390691353885718,62.23538497199706,FALSE
151000,302.0,8.776120465393793,2.3233059436953845,59.85622302416363,FALSE
151500,303.0,8.768248573327611,2.335297817915909,60.77018885621051,FALSE
152000,304.0,8.760964245938686,2.325869107112926,61.19844413980947,FALSE
152500,305.0,8.742286799160429,2.3399259429607153,62.69014773619703,FALSE
153000,306.0,8.772756170837347,2.329535502570763,60.497250025226435,FALSE
153500,307.0,8.755018685742316,2.3367297692071833,61.968079342828865,FALSE
154000,308.0,8.668875961348961,2.338803714579575,65.38393029048399,FALSE
154500,309.0,8.783237788527755,2.3193016109512423,59.52677710459704,FALSE
155000,310.0,8.763031116336364,2.3352478901208684,61.55412143575314,FALSE
155500,311.0,8.763701557324277,2.327083609401514,61.422996786502125,FALSE
156000,312.0,8.755449532681505,2.3498405944919503,62.20038450453484,FALSE
156500,313.0,8.769981460982521,2.3383575026556445,61.22594452946092,FALSE
157000,314.0,8.749522612842055,2.3455689173186025,62.74602994717187,FALSE
157500,315.0,8.74467546482515,2.34721294093521,63.09186715379364,FALSE
158000,316.0,8.761213302758128,2.3333251916573925,61.99532601249416,FALSE
158500,317.0,8.733633320980655,2.351588933452223,63.78375265190388,FALSE
159000,318.0,8.75553943498679,2.3390961560220545,62.54981839853147,FALSE
159500,319.0,8.782499964667284,2.325070137300376,60.3067717232267,FALSE
160000,320.0,8.745060515474613,2.337164519936848,63.33353710826993,FALSE
160500,321.0,8.780825080286437,2.3327979136659827,60.71746349527531,FALSE
161000,322.0,8.779219230538532,2.332530354697913,60.907530411115005,FALSE
161500,323.0,8.763375135445681,2.3327603834820434,62.21447661651634,FALSE
162000,324.0,8.730460076213577,2.3342456876402093,64.34786091423493,FALSE
162500,325.0,8.752884727547023,2.3419779360380244,63.129393372562696,FALSE
163000,326.0,8.762360928198188,2.339095463929735,62.51013462170159,FALSE
163500,327.0,8.764264629354061,2.338061788573061,62.41368888299424,FALSE
164000,328.0,8.685485089500979,2.338687819225929,66.18553765877594,FALSE
164500,329.0,8.782119572094002,2.3272840261421033,60.92928426424943,FALSE
165000,330.0,8.676779647369086,2.342332793047059,66.44254354016579,FALSE
165500,331.0,8.748441918421166,2.3495019434259348,63.68666018405344,FALSE
166000,332.0,8.714968599745971,2.3439400357405966,65.51751565515649,FALSE
166500,333.0,8.764398903043308,2.3315932895329188,62.633985958319066,FALSE
167000,334.0,8.725338240285904,2.3465940647488286,65.15359634100432,FALSE
167500,335.0,8.768201424463228,2.3519015248716917,62.46379607609299,FALSE
168000,336.0,8.777806549907373,2.3333766408621175,61.75635800831628,FALSE
168500,337.0,8.768857290102591,2.3343773008701914,62.54179251007602,FALSE
169000,338.0,8.765346696458083,2.3415592633180498,62.91043009857184,FALSE
169500,339.0,8.7534627324394,2.339714750697401,63.801134984341516,FALSE
170000,340.0,8.735523444893017,2.3452876875794417,64.94168118597585,FALSE
170500,341.0,8.781925874915693,2.3221309430503014,61.411095362101065,FALSE
171000,342.0,8.76190549681805,2.3453767458721853,63.35943236676291,FALSE
171500,343.0,8.740391132682497,2.3567411931901323,64.66776209244658,FALSE
172000,344.0,8.786700759564178,2.3273385644502413,61.292348087428216,FALSE
172500,345.0,8.779423878748293,2.334466661191506,62.09793926026769,FALSE
173000,346.0,8.775842627094782,2.336881111131095,62.47719304020515,FALSE
173500,347.0,8.782474552345377,2.324251755409025,61.74134436631812,FALSE
174000,348.0,8.769948456191996,2.336956335969257,63.05452500671825,FALSE
174500,349.0,8.774670458142161,2.3394616139864413,62.74566649378562,FALSE
175000,350.0,8.764098092435384,2.330850203696314,63.52722692781782,FALSE
175500,351.0,8.76735257603155,2.334925562462856,63.39244887173937,FALSE
176000,352.0,8.777738434957291,2.33806550118763,62.63893609847531,FALSE
176500,353.0,8.78804902961258,2.3339252028760376,61.758259516957736,FALSE
177000,354.0,8.771173899977226,2.3438785337438226,63.289978995076055,FALSE
177500,355.0,8.774918622445895,2.3416133727140034,63.04540724018709,FALSE
178000,356.0,8.775473110404764,2.3206447637099186,62.69077038892811,FALSE
178500,357.0,8.752318416543591,2.341320905549735,64.82068875516075,FALSE
179000,358.0,8.746643913499145,2.340602863850925,65.2302247837515,FALSE
179500,359.0,8.760529382486354,2.336044497985633,64.31933698237178,FALSE
180000,360.0,8.767112510243612,2.3292642133292256,63.77913010417501,FALSE
180500,361.0,8.764364806299998,2.3374452399973946,64.14584991176545,FALSE
181000,362.0,8.727039528617457,2.334898433830779,66.45768392117074,FALSE
181500,363.0,8.769833902983871,2.341372366361449,63.84075791352502,FALSE
182000,364.0,8.68845643451152,2.3519459243176724,67.83136282672534,FALSE
182500,365.0,8.792487796933512,2.321426300755045,61.66460703646774,FALSE
183000,366.0,8.751238306779506,2.3534970377137023,65.22190360066146,FALSE
183500,367.0,8.749561168643188,2.3490839538373667,65.44103398152457,FALSE
184000,368.0,8.71807289591811,2.3503818429544694,67.13569014787917,FALSE
184500,369.0,8.67799445070893,2.3325337687784486,68.20011392431807,FALSE
185000,370.0,8.721862207396113,2.3525374329878916,67.02893440133141,FALSE
185500,371.0,8.768338991283168,2.3404755370417143,64.3244108512265,FALSE
186000,372.0,8.77648580138734,2.3353156142410336,63.68622160425369,FALSE
186500,373.0,8.759557665463772,2.3422100009698363,65.07619452708283,FALSE
187000,374.0,8.775871158183621,2.332021202209528,63.78724445450203,FALSE
187500,375.0,8.7994056889051,2.3182258867372885,61.361553367529154,FALSE
188000,376.0,8.736660153583127,2.3460707103440255,66.65796736453778,FALSE
188500,377.0,8.776799337174882,2.3360427705208062,63.90611545767854,FALSE
189000,378.0,8.762106547883388,2.339608733043608,65.12591828678389,FALSE
189500,379.0,8.737927694725819,2.348911692054135,66.70123532472942,FALSE
190000,380.0,8.712489710091434,2.348720782710169,67.92562770236765,FALSE
190500,381.0,8.728964465528518,2.342473602039842,67.29717988967539,FALSE
191000,382.0,8.747367215764244,2.343504539911963,66.31103434473489,FALSE
191500,383.0,8.759094355826775,2.3422665784211123,65.5762981470635,FALSE
192000,384.0,8.752775118900761,2.3461847265710247,66.04370969413026,FALSE
192500,385.0,8.765166587807188,2.3325745009859173,65.14729694329934,FALSE
193000,386.0,8.753933034035235,2.350169635468688,66.01796335314071,FALSE
193500,387.0,8.688486638469488,2.358471201587341,68.71769034556134,FALSE
194000,388.0,8.77999292604139,2.338211691589684,64.15176344520779,FALSE
194500,389.0,8.532811085686719,2.353129875436311,63.73928195460586,FALSE
195000,390.0,8.773395941570719,2.330518025690369,64.68861707386182,FALSE
195500,391.0,8.719924574208656,2.3487173014973166,68.11782954934876,FALSE
196000,392.0,8.759508494993923,2.3322900138281883,65.86713586858313,FALSE
196500,393.0,8.773294954138473,2.3340026357681958,64.88641645699613,FALSE
197000,394.0,8.75154749779166,2.352116246950566,66.50195979813058,FALSE
197500,395.0,8.767510927996755,2.3336039917904805,65.43051923958362,FALSE
198000,396.0,8.750019572222685,2.34452748947802,66.76721470720008,FALSE
198500,397.0,8.738588682529306,2.3404669644832534,67.49972809684138,FALSE
199000,398.0,8.263251360334152,2.36495935616176,36.29207801873108,FALSE
199500,399.0,8.032086745874848,2.345609974021559,15.563768977867475,FALSE
200000,400.0,8.194769689820012,2.362428346247651,30.22150570717351,FALSE
200500,401.0,7.950151350460171,2.353726409958562,11.543281771113604,FALSE
201000,402.0,8.060081555134833,2.33519860625528,19.822647020845775,FALSE
201500,403.0,7.815704517079572,2.3467239052403785,7.024095325176402,FALSE
202000,404.0,7.995070749605217,2.3205764178598844,16.90561062362119,FALSE
202500,405.0,7.799273725019886,2.3280721292559257,8.183596523397588,FALSE
203000,406.0,7.937272470811377,2.31737902578991,15.36207499311133,FALSE
203500,407.0,7.895773178353828,2.32907884333407,14.205850344137078,FALSE
204000,408.0,7.9296001966768745,2.315418308368129,16.616282445017184,FALSE
204500,409.0,7.931620805166259,2.3201838667675894,17.595904096565373,FALSE
205000,410.0,7.904280540142419,2.323697180670383,16.988474288556432,FALSE
205500,411.0,7.925951480104698,2.333351582384313,18.86424677421271,FALSE
206000,412.0,7.856562748484228,2.330849965990438,16.315606050101863,FALSE
206500,413.0,7.944458614992571,2.3322083802811044,21.24444286693307,FALSE
207000,414.0,7.9815694712212935,2.342896634384485,23.65983961978021,FALSE
207500,415.0,8.03895474451506,2.349487301663996,27.21845200679816,FALSE
208000,416.0,8.056721519747997,2.361250815215838,28.495032917838127,FALSE
208500,417.0,8.116446018910127,2.3507454945301784,32.473331838388724,FALSE
209000,418.0,8.094572998236025,2.3549984720451196,31.446269338676636,FALSE
209500,419.0,7.985092279161746,2.3585789081921567,25.63021839715562,FALSE
210000,420.0,8.089195490831576,2.3458854023892606,31.863191788646837,FALSE
210500,421.0,8.050313189748072,2.325503106449173,29.857318654925116,FALSE
211000,422.0,8.116766013544822,2.3446543497840104,34.050104699398105,FALSE
211500,423.0,8.019346864225048,2.3360280384275462,28.763981050635934,FALSE
212000,424.0,7.875121946418537,2.352454568152735,21.20395916507026,FALSE
212500,425.0,7.7603623856639254,2.3368437159426283,15.499569914848456,FALSE
213000,426.0,8.126618160249013,2.33967650893468,35.971927079995865,FALSE
213500,427.0,7.898842400373555,2.3634706986804104,23.77924419777771,FALSE
214000,428.0,7.887115370191357,2.356417436597658,23.721701043161445,FALSE
214500,429.0,7.876900991867723,2.3349210116751498,23.75765844710236,FALSE
215000,430.0,8.014237725450384,2.34207869997433,31.491266524974417,FALSE
215500,431.0,8.104630305675778,2.3503481798730617,36.309759184304085,FALSE
216000,432.0,7.71315968544059,2.3218265187545386,15.353577215183584,FALSE
216500,433.0,7.718902891943715,2.3250032912834135,16.61474318967023,FALSE
217000,434.0,7.682508822669988,2.328714982086763,15.348604273078365,FALSE
217500,435.0,7.6979346216870885,2.330197747405616,16.958449444459077,FALSE
218000,436.0,7.57652275918088,2.330543155021242,11.5746219758709,FALSE
218500,437.0,7.693722001322329,2.32975268220484,18.35735751397899,FALSE
219000,438.0,7.743532631288322,2.3366125300138343,21.721569296275124,FALSE
219500,439.0,7.7107758029365225,2.339068783583121,20.629382588653616,FALSE
220000,440.0,7.685020207069659,2.3261091438562813,19.909819021145232,FALSE
220500,441.0,7.681171178235586,2.3331329340351346,20.32939649152296,FALSE
221000,442.0,7.672312871720164,2.3198553956547903,20.387304231902142,FALSE
221500,443.0,7.733584214612136,2.319671519886441,24.18832851748251,FALSE
222000,444.0,7.700688874112151,2.324183425092119,23.054029667910363,FALSE
222500,445.0,7.594846677847661,2.338478719354915,17.809230878163497,FALSE
223000,446.0,7.570039710819418,2.3248262917350853,17.218582596277333,FALSE
223500,447.0,7.684428069900886,2.335504779468282,24.04194932464529,FALSE
224000,448.0,7.692334458625764,2.3346892418736074,24.940024112473168,FALSE
224500,449.0,7.677545167781223,2.339354363480064,24.64593185294536,FALSE
225000,450.0,7.697177432469877,2.3237510099059904,26.11851922978786,FALSE
225500,451.0,7.668662182300577,2.3306877555873267,25.17019838065515,FALSE
226000,452.0,7.573620518285124,2.335008229719832,20.314771403681792,FALSE
226500,453.0,7.6985307111933725,2.3137250594707255,27.649664089240186,FALSE
227000,454.0,7.674679260308249,2.3353778428987853,26.98131181824716,FALSE
227500,455.0,7.676973393357278,2.3370006394228744,27.577161334263746,FALSE
228000,456.0,7.6891864271359065,2.3248281992497994,28.580183001273067,FALSE
228500,457.0,7.674085127211497,2.3307755161366823,28.225475704133604,FALSE
229000,458.0,7.679866295738296,2.327773857528846,28.89831727142271,FALSE
229500,459.0,7.697636663357986,2.345409482278129,30.055512153873345,FALSE
230000,460.0,7.691351954852505,2.3283912062803784,30.17005929181404,FALSE
230500,461.0,7.6658580479913585,2.3302086600041445,29.274983731205687,FALSE
231000,462.0,7.666915808507525,2.330920081592343,29.693830281401418,FALSE
231500,463.0,7.64038266566932,2.3282778884203124,28.675209126483196,FALSE
232000,464.0,7.662617429369588,2.3279260093938756,30.312322015893663,FALSE
232500,465.0,7.639614366431075,2.3379194322775554,29.396091131532295,FALSE
233000,466.0,7.662260462539438,2.325410643080828,30.96294352850908,FALSE
233500,467.0,7.67421497030142,2.3343769018977714,31.919350228180456,FALSE
234000,468.0,7.582893414463727,2.3247561279211575,26.903428479902562,FALSE
234500,469.0,7.711486221739251,2.3345573311973413,34.29684450824128,FALSE
235000,470.0,7.690664003096724,2.3084507928661258,33.44175739612247,FALSE
235500,471.0,7.7046836547500686,2.341694978298157,34.53477253693935,FALSE
236000,472.0,7.66231345316896,2.326250571487273,32.82128455744008,FALSE
236500,473.0,7.700982851232629,2.32825988577053,35.04483256094676,FALSE
237000,474.0,7.669416907552804,2.3164604565433726,33.76569018522878,FALSE
237500,475.0,7.675902997304355,2.3175957179870763,34.385070035607555,FALSE
238000,476.0,7.6983391756878925,2.323332369809676,35.75087639908759,FALSE
238500,477.0,7.649233891404392,2.3257887949517047,33.60143351829301,FALSE
239000,478.0,7.744900335205162,2.3438417911827942,37.96186086486102,FALSE
239500,479.0,7.693336618670591,2.3380460090283437,36.30527589145694,FALSE
240000,480.0,7.717282632090789,2.3279157022496832,37.559249408088924,FALSE
240500,481.0,7.597921416265389,2.332383139746463,31.487817578624096,FALSE
241000,482.0,7.668261041487979,2.3174212446247684,35.855478326534794,FALSE
241500,483.0,7.705145397501835,2.3232722125223817,37.84158674784762,FALSE
242000,484.0,7.71122169139274,2.3215478737110185,38.300225825342665,FALSE
242500,485.0,7.687171060772773,2.3298153858761737,37.5539685160501,FALSE
243000,486.0,7.598832805795493,2.343173811973218,32.62584106306352,FALSE
243500,487.0,7.7028952267054045,2.3082538840119455,38.46340577763327,FALSE
244000,488.0,7.693429509634071,2.323667658880984,38.496551010986586,FALSE
244500,489.0,7.663560324663242,2.3258277097871685,37.28731691264105,FALSE
245000,490.0,7.665402763295136,2.3191601229836287,37.55444894745509,FALSE
245500,491.0,7.668183204213239,2.3119338331530064,37.836865620159315,FALSE
246000,492.0,7.708716976610711,2.3178041763841963,39.96127902146443,FALSE
246500,493.0,7.672386669606605,2.3154310646776564,38.53687283697082,FALSE
247000,494.0,7.7360187658980655,2.3135070279589858,41.239065914992736,FALSE
247500,495.0,7.724562106668488,2.3220010803806153,41.185968624021356,FALSE
248000,496.0,7.667186427191559,2.343598304033199,38.861699342976216,FALSE
248500,497.0,7.678289180910883,2.3294184113378886,39.72499272319077,FALSE
249000,498.0,7.758370244398265,2.3267033283995517,42.73227790906052,FALSE
249500,499.0,7.607440304662118,2.317033123269363,35.804773028404256,FALSE
250000,500.0,7.688421642642667,2.345194306012038,40.68275949892327,FALSE
