#"Step","Time (ps)","Potential Energy (kJ/mole)","Kinetic Energy (kJ/mole)","Total Energy (kJ/mole)","Temperature (K)","Box Volume (nm^3)"
500,1.0000000000000007,-8545.62215434594,5157.2423727034575,-3388.379781642482,308.21052705151857,209.12394695510716
1000,2.0000000000000013,-8663.31496817181,4964.762332787763,-3698.552635384047,296.7074076977901,210.20696704508688
1500,2.999999999999891,-8640.64124897524,4968.060338563812,-3672.580910411428,296.90450529860004,212.04099366674174
2000,3.999999999999781,-8688.745357217613,4947.660619488869,-3741.0847377287437,295.6853638052567,208.90417970465393
2500,4.999999999999671,-8744.178461470128,4858.369540165494,-3885.808921304634,290.3490913110807,209.51057900368434
3000,5.999999999999561,-8640.23002746853,4857.386582828472,-3782.843444640058,290.2903471650781,206.8381613337208
3500,6.999999999999451,-8741.53157017312,4843.281469802239,-3898.2501003708803,289.4473880784651,208.66337359474787
4000,7.999999999999341,-8602.655644957398,4880.956731051998,-3721.6989139054003,291.69896194050654,208.04142445320372
4500,8.999999999999675,-8625.006741749574,4944.956616931023,-3680.050124818551,295.5237654173443,207.03128829043843
5000,10.000000000000009,-8934.92630280102,5185.229413685843,-3749.6968891151764,309.8831070910856,204.06986009123432
5500,11.000000000000343,-8618.727254547743,5062.281417638035,-3556.4458369097074,302.5354076960777,205.3834972751593
6000,12.000000000000677,-8518.805852038453,4761.9944264609785,-3756.8114255774744,284.5894580724459,204.69209352616676
6500,13.00000000000101,-8675.902779579294,4924.496043279707,-3751.4067362995866,294.30098709258954,204.39966095450092
7000,14.000000000001345,-8812.208267115557,5087.201632195734,-3725.0066349198223,304.0247060280153,204.25005293515466
7500,15.000000000001679,-8680.955181536583,4994.258721567861,-3686.6964599687217,298.4701903779582,204.34684072867753
8000,16.00000000000201,-8752.004562321577,4994.650021793064,-3757.354540528513,298.4935755206235,207.8260141181011
8500,17.000000000001457,-8791.099223925185,4994.317344070304,-3796.7818798548806,298.47369381469224,207.3898025641876
9000,18.000000000000902,-8648.851152868552,4866.251457811831,-3782.5996950567214,290.82013568254797,205.9593788426796
9500,19.000000000000348,-8736.132781649067,4861.709024089235,-3874.4237575598318,290.5486677563655,204.01821877460569
10000,19.999999999999794,-8781.305942458117,4708.427998892711,-4072.877943565406,281.38818582655216,204.68742867067348
10500,20.99999999999924,-8592.534467817308,5090.334728007346,-3502.199739809962,304.211948170543,205.79742902972066
11000,21.999999999998685,-8528.421894756033,4948.274192718652,-3580.1477020373814,295.7220325741199,199.20728419576304
11500,22.99999999999813,-8597.610490236544,5129.998458709565,-3467.612031526979,306.58235825816354,199.25845118042648
12000,23.999999999997577,-8729.580283059095,4906.683630054132,-3822.896653004963,293.23646988134277,196.518922805521
12500,24.999999999997023,-8846.42572423429,4972.2683008717695,-3874.1574233625206,297.1559843230517,196.7567009380837
13000,25.99999999999647,-8666.351187224433,5046.551314091115,-3619.7998731333173,301.595334852026,194.4917868285314
13500,26.999999999995914,-8722.394851273219,4834.918010138752,-3887.4768411344667,288.94756547472224,193.81724014891248
14000,27.99999999999536,-8724.852636237276,4953.597062953354,-3771.255573283922,296.0401414629221,194.6666329531008
14500,28.999999999994806,-8621.706634032802,5038.260898622624,-3583.445735410178,301.09987756373874,194.63651970117039
15000,29.99999999999425,-8783.5952764848,4929.118185386215,-3854.4770910985853,294.5772186038899,196.0641969249676
15500,30.999999999993697,-8872.996463386386,5080.697726919213,-3792.2987364671726,303.63601534250864,197.20019811475
16000,31.999999999993143,-8904.488967806108,4831.950348287272,-4072.5386195188357,288.77021010585366,195.57236984426865
16500,32.999999999994365,-8804.427844391259,4902.200995259215,-3902.2268491320438,292.9685756981969,195.24041961347788
17000,33.99999999999559,-8862.236961045384,4848.5061226566695,-4013.730838388715,289.75962723527647,194.80803509388903
17500,34.99999999999681,-8681.369443224052,4829.220371915203,-3852.1490713088488,288.6070594536899,196.0526770297886
18000,35.99999999999803,-8969.847373748606,4949.058635159286,-4020.78873858932,295.76891294168786,195.0816987088356
18500,36.999999999999254,-8884.310048061483,4892.184649233094,-3992.125398828389,292.36997220727295,191.79234937604497
19000,38.000000000000476,-8760.545392512737,4942.769593652504,-3817.7757988602325,295.39306308678994,194.0895839779623
19500,39.0000000000017,-8769.549342332442,4878.915284352554,-3890.634057979888,291.576959653681,193.69022556701626
20000,40.00000000000292,-8809.660093747761,5061.295513151205,-3748.364580596556,302.47648742056055,193.1885382354935
20500,41.00000000000414,-8652.520939179361,5049.190584863464,-3603.3303543158972,301.75306469619284,189.1251496442775
21000,42.000000000005365,-8700.233578678086,4996.724295759396,-3703.5092829186897,298.617539652268,190.10684536208086
21500,43.00000000000659,-8613.948011820752,4903.123321449437,-3710.8246903713152,293.02369636553385,189.66606646471777
22000,44.00000000000781,-8830.677942895745,5065.246315059735,-3765.43162783601,302.7125978552667,187.21695044413892
22500,45.00000000000903,-8632.927216975775,5092.386682182015,-3540.5405347937603,304.3345784120472,186.9828660131063
23000,46.00000000001025,-8890.416341535049,4884.931335711363,-4005.4850058236852,291.9364948909392,190.90774437838002
23500,47.000000000011475,-8665.926078636625,4945.8578561785625,-3720.0682224580623,295.5776258728765,192.44723118552912
24000,48.0000000000127,-8840.806955560984,4966.341713008451,-3874.465242552533,296.8017956623367,192.86830878282603
24500,49.00000000001392,-8744.010079473715,5156.879137287779,-3587.130942185937,308.1888191365478,191.88091595904407
25000,50.00000000001514,-8725.784620687728,4836.048892692553,-3889.735727995175,289.0151500252923,188.8033262546535
25500,51.000000000016364,-8701.480103901406,5036.247952184633,-3665.232151716773,300.9795785283737,189.37754531843416
26000,52.000000000017586,-8632.830239199311,4848.996992125658,-3783.833247073653,289.7889629008933,191.0065088524769
26500,53.00000000001881,-8718.41969359583,4884.988264589786,-3833.431429006044,291.9398971121952,188.37884420270552
27000,54.00000000002003,-8778.290607926752,5005.315273770422,-3772.97533415633,299.13095935786123,184.7573870688062
27500,55.00000000002125,-8834.676468059117,4971.732989709317,-3862.9434783498,297.123992703579,183.82708190076258
28000,56.000000000022474,-8706.539488123248,5009.198550921428,-3697.3409372018195,299.3630343333818,185.55096324152726
28500,57.0000000000237,-8630.061109475893,4910.078194739856,-3719.982914736037,293.4393380995276,182.70408965446882
29000,58.00000000002492,-8901.0183572183,5199.030238478442,-3701.988118739858,310.70788110317903,180.395853304677
29500,59.00000000002614,-8725.47673916302,4934.646308879671,-3790.8304302833485,294.90759397359176,183.37279540957175
30000,60.00000000002736,-8883.405132756612,4990.007603162622,-3893.39752959399,298.2161322302993,182.7595842393913
30500,61.000000000028585,-8776.18109771681,4847.237522838047,-3928.943574878763,289.68381233451004,182.3522670584737
31000,62.00000000002981,-8719.682274692157,4934.354050484858,-3785.328224207299,294.89012783425,182.65188990940192
31500,63.00000000003103,-8851.588013041339,4969.619055857415,-3881.9689571839235,296.9976583916423,182.88885049264474
32000,64.00000000003224,-8828.23711790454,4620.492917295671,-4207.7442006088695,276.1329513646638,186.87977051821647
32500,65.00000000002991,-8784.619199579718,4935.363908930468,-3849.25529064925,294.9504796620827,186.83361058816575
33000,66.00000000002758,-8961.007082779766,4861.247237302171,-4099.759845477595,290.52107014920637,184.71667251726552
33500,67.00000000002525,-8797.705910327799,4838.306507968668,-3959.3994023591313,289.15007112146066,182.82010094112442
34000,68.00000000002292,-8866.205026461124,4848.206558950437,-4017.998467510687,289.74172451108575,180.24523540880574
34500,69.00000000002059,-8646.983936187307,5105.881546401006,-3541.1023897863015,305.14106740613414,177.56205051169965
35000,70.00000000001826,-8807.109042033167,4944.854276053341,-3862.2547659798265,295.5176492541761,177.582430005333
35500,71.00000000001593,-8858.165130009467,4881.585785344729,-3976.5793446647385,291.73655589888494,176.30673984771727
36000,72.0000000000136,-8848.327001541982,4846.468926596553,-4001.8580749454295,289.63787897796766,174.38438522392957
36500,73.00000000001127,-8893.904468776174,4903.414178778306,-3990.490289997868,293.04107877344666,175.60410710825914
37000,74.00000000000894,-8806.590429493546,4900.478343300917,-3906.1120861926292,292.8656254333803,173.00963779512247
37500,75.00000000000661,-8878.546475789339,4858.492616540195,-4020.053859249144,290.3564466827256,173.20322341883093
38000,76.00000000000428,-9048.00348480143,5060.675876941572,-3987.3276078598574,302.4394563118886,172.71131346962517
38500,77.00000000000195,-8713.065184845373,4951.688042117639,-3761.3771427277334,295.9260532980838,172.4861734203485
39000,77.99999999999962,-8748.880398266687,4937.108630543246,-3811.7717677234405,295.0547488681761,172.4242861162111
39500,78.99999999999729,-8983.641848876325,4919.931277442311,-4063.710571434014,294.02818453980336,169.46913190133574
40000,79.99999999999496,-8671.907801731613,5028.123401212325,-3643.7844005192883,300.4940337437257,169.46896095627258
40500,80.99999999999262,-8694.147124017138,4962.079808365676,-3732.0673156514613,296.5470929004217,170.93599902134636
41000,81.9999999999903,-8616.36865550873,5056.739401863464,-3559.6292536452656,302.20420208669054,171.33895791325622
41500,82.99999999998796,-8737.579357846937,5148.780262031276,-3588.7990958156606,307.7048088009966,173.03282255273456
42000,83.99999999998563,-8739.595593856879,5125.414490797616,-3614.1811030592626,306.30840813830747,171.5680261960018
42500,84.9999999999833,-8724.310239266462,4879.285670207611,-3845.0245690588517,291.5990948979355,166.693863424358
43000,85.99999999998097,-8866.046464811641,4945.224819492032,-3920.821645319609,295.5397939160479,165.0874032803795
43500,86.99999999997864,-8838.868162732473,4780.5247103110205,-4058.3434524214526,285.69687714238614,164.987380798133
44000,87.99999999997631,-8799.532873363649,4923.443109994443,-3876.0897633692057,294.23806099772173,161.9713371481528
44500,88.99999999997398,-8846.768965470743,5070.053988461398,-3776.7149770093447,302.999917210444,163.67913760945703
45000,89.99999999997165,-8766.388543707122,5044.777083054373,-3721.611460652749,301.48930208423525,160.57827196095738
45500,90.99999999996932,-8845.960020962271,5139.984378556649,-3705.9756424056222,307.1791433996675,160.10942373499475
46000,91.99999999996699,-8819.581153453844,5187.580960016673,-3632.000193437171,310.02364175702405,161.70103396678957
46500,92.99999999996466,-8832.55752090149,5159.6474561128525,-3672.910064788637,308.3542612357283,162.4604437481747
47000,93.99999999996233,-8872.021640675437,4993.018905678335,-3879.0027349971024,298.3960956813854,162.44739915684306
47500,94.99999999996,-8903.515943178918,4933.147807890304,-3970.368135288614,294.8180395671197,163.091676537564
48000,95.99999999995767,-8853.679987235266,4952.731734180071,-3900.948253055195,295.9884271128853,164.2188153087323
48500,96.99999999995534,-8915.967597947272,5044.516291505781,-3871.4513064414914,301.47371648735356,163.7671726175726
49000,97.999999999953,-8824.199576232702,4863.762910245347,-3960.436665987356,290.6714134582215,164.2179985991363
49500,98.99999999995067,-8688.833783678761,4926.711431387828,-3762.122352290933,294.43338458083673,167.1241041262852
50000,99.99999999994834,-8907.690047793825,4863.243245221666,-4044.446802572159,290.6403568936345,166.26064255091552
